R;Nome;Squadra;Qt.A;Qt.I;Diff.;Qt.A M;Qt.I M;Diff.M;FVM
P;Sommer;Inter;19;18;1;19;18;1;111
P;Di Gregorio;Juventus;18;17;1;18;17;1;100
P;Meret;Napoli;15;15;0;15;15;0;72
P;Maignan;Milan;14;15;-1;14;15;-1;78
P;Carnesecchi;Atalanta;13;13;0;13;13;0;55
P;Svilar;Roma;13;13;0;13;13;0;69
P;Milinkovic-Savic V.;Torino;12;10;2;12;10;2;47
P;Provedel;Lazio;12;12;0;12;12;0;60
P;Terracciano;Fiorentina;12;11;1;12;11;1;20
P;Skorupski;Bologna;11;11;0;11;11;0;53
P;Gollini;Genoa;10;10;0;10;10;0;38
P;De Gea;Fiorentina;10;11;-1;10;11;-1;39
P;Scuffet;Cagliari;8;7;1;8;7;1;29
P;Audero;Como;8;9;-1;8;9;-1;27
P;Falcone;Lecce;8;9;-1;8;9;-1;29
P;Turati;Monza;8;8;0;8;8;0;23
P;Okoye;Udinese;8;7;1;8;7;1;31
P;Joronen;Venezia;7;6;1;7;6;1;21
P;Montipo';Verona;7;7;0;7;7;0;30
P;Suzuki;Parma;7;7;0;7;7;0;22
P;Vasquez D.;Empoli;6;5;1;6;5;1;14
P;Pizzignacco;Monza;3;1;2;3;1;2;15
P;Perin;Juventus;2;2;0;2;2;0;3
P;Reina;Como;2;2;0;2;2;0;12
P;Caprile;Napoli;2;2;0;2;2;0;4
P;Martinez Jo.;Inter;2;2;0;2;2;0;4
P;Sportiello;Milan;1;1;0;1;1;0;1
P;Leali;Genoa;1;1;0;1;1;0;1
P;Donnarumma An.;Torino;1;1;0;1;1;0;1
P;Sommariva;Genoa;1;1;0;1;1;0;1
P;Perilli;Verona;1;1;0;1;1;0;1
P;Padelli;Udinese;1;1;0;1;1;0;1
P;Perisan;Empoli;1;1;0;1;1;0;1
P;Di Gennaro;Inter;1;1;0;1;1;0;1
P;Pinsoglio;Juventus;1;1;0;1;1;0;1
P;Cragno;Monza;1;1;0;1;1;0;1
P;Silvestri;Udinese;1;1;0;1;1;0;1
P;Rossi F.;Atalanta;1;1;0;1;1;0;1
P;Fruchtl;Lecce;1;1;0;1;1;0;1
P;Ravaglia F.;Bologna;1;1;0;1;1;0;1
P;Vigorito;Como;1;1;0;1;1;0;1
P;Contini;Napoli;1;1;0;1;1;0;1
P;Rui Patricio;Atalanta;1;1;0;1;1;0;1
P;Brancolini;Empoli;1;1;0;1;1;0;1
P;Berardi A.;Verona;1;1;0;1;1;0;1
P;Ciocci;Cagliari;1;1;0;1;1;0;1
P;Paleari;Torino;1;1;0;1;1;0;1
P;Ryan;Roma;1;1;0;1;1;0;1
P;Bertinato;Venezia;1;1;0;1;1;0;1
P;Bagnolini;Bologna;1;1;0;1;1;0;1
P;Martinelli T.;Fiorentina;1;1;0;1;1;0;1
P;Stankovic F.;Venezia;1;1;0;1;1;0;1
P;Christensen O.;Fiorentina;1;1;0;1;1;0;1
P;Furlanetto;Lazio;1;1;0;1;1;0;1
P;Mandas;Lazio;1;1;0;1;1;0;1
P;Nava;Milan;1;1;0;1;1;0;1
P;Samooja;Lecce;1;1;0;1;1;0;1
P;Sherri;Cagliari;1;1;0;1;1;0;1
P;Chichizola;Parma;1;1;0;1;1;0;1
P;Corvi;Parma;1;1;0;1;1;0;1
P;Grandi;Venezia;1;1;0;1;1;0;1
P;Torriani;Milan;1;1;0;1;1;0;1
P;Marin Re.;Roma;1;1;0;1;1;0;1
P;Sava;Udinese;1;1;0;1;1;0;1
D;Dimarco;Inter;24;24;0;23;23;0;101
D;Hernandez T.;Milan;20;20;0;20;20;0;80
D;Di Lorenzo;Napoli;18;18;0;20;20;0;72
D;Bastoni;Inter;16;16;0;16;16;0;50
D;Buongiorno;Napoli;16;16;0;16;16;0;57
D;Bremer;Juventus;16;16;0;16;16;0;57
D;Dumfries;Inter;16;16;0;15;15;0;45
D;Pavard;Inter;14;14;0;15;15;0;40
D;Spinazzola;Napoli;13;13;0;12;12;0;41
D;Danilo;Juventus;13;14;-1;15;16;-1;29
D;Tomori;Milan;13;14;-1;13;14;-1;41
D;Bellanova;Atalanta;13;13;0;12;12;0;45
D;Ruggeri;Atalanta;12;11;1;11;10;1;42
D;Mancini;Roma;11;10;1;11;10;1;26
D;Rrahmani;Napoli;11;11;0;11;11;0;26
D;Emerson Royal;Milan;11;12;-1;11;12;-1;39
D;Romagnoli;Lazio;10;10;0;10;10;0;26
D;Acerbi;Inter;10;10;0;10;10;0;28
D;Zappacosta;Atalanta;10;9;1;9;8;1;30
D;Pavlovic;Milan;10;10;0;10;10;0;29
D;Martinez Quarta;Fiorentina;10;11;-1;10;11;-1;32
D;Cambiaso;Juventus;10;9;1;11;10;1;35
D;Kossounou;Atalanta;10;10;0;10;10;0;26
D;Luperto;Cagliari;9;8;1;9;8;1;14
D;Darmian;Inter;9;8;1;10;9;1;21
D;Sergi Roberto;Como;9;9;0;9;9;0;18
D;Angelino;Roma;9;10;-1;9;10;-1;27
D;Vasquez;Genoa;9;9;0;10;10;0;16
D;Bijol;Udinese;9;8;1;9;8;1;20
D;Carlos Augusto;Inter;9;9;0;8;8;0;20
D;Dodo';Fiorentina;9;9;0;9;9;0;25
D;Biraghi;Fiorentina;8;7;1;9;8;1;30
D;Djimsiti;Atalanta;8;8;0;8;8;0;18
D;Varane;Como;8;9;-1;8;9;-1;17
D;Kolasinac;Atalanta;8;9;-1;9;10;-1;21
D;Mina;Cagliari;8;8;0;8;8;0;13
D;N'Dicka;Roma;8;8;0;8;8;0;20
D;Miranda J.;Bologna;8;8;0;8;8;0;16
D;Parisi;Fiorentina;8;8;0;8;8;0;20
D;Casale;Lazio;8;8;0;8;8;0;15
D;Pongracic;Fiorentina;8;9;-1;8;9;-1;20
D;Perez N.;Udinese;8;7;1;8;7;1;15
D;Holm;Bologna;8;9;-1;8;9;-1;24
D;Gatti;Juventus;8;7;1;8;7;1;16
D;Baschirotto;Lecce;8;9;-1;9;10;-1;20
D;Hien;Atalanta;8;8;0;8;8;0;21
D;Posch;Bologna;8;8;0;9;9;0;18
D;Dossena;Como;8;8;0;8;8;0;14
D;Dorgu;Lecce;8;8;0;8;8;0;20
D;Coco;Torino;8;8;0;8;8;0;22
D;De Vrij;Inter;7;8;-1;7;8;-1;18
D;Sabelli;Genoa;7;6;1;8;7;1;8
D;Bani;Genoa;7;7;0;7;7;0;14
D;Smalling;Roma;7;8;-1;7;8;-1;12
D;Ranieri L.;Fiorentina;7;7;0;7;8;-1;15
D;Kyriakopoulos;Monza;7;6;1;7;6;1;13
D;Maripan;Torino;7;7;0;7;7;0;15
D;Mari';Monza;7;7;0;7;7;0;15
D;Erlic;Bologna;7;6;1;7;6;1;17
D;Vojvoda;Torino;7;6;1;8;7;1;12
D;Ismajli;Empoli;7;6;1;7;6;1;9
D;Godfrey;Atalanta;7;7;0;9;9;0;15
D;Scalvini;Atalanta;7;8;-1;7;8;-1;12
D;Zanoli;Genoa;7;6;1;7;6;1;9
D;Olivera;Napoli;7;7;0;8;8;0;18
D;Valeri;Parma;7;6;1;7;6;1;11
D;Beukema;Bologna;7;7;0;7;7;0;16
D;Marin R.;Napoli;7;8;-1;7;8;-1;18
D;Sosa B.;Torino;7;8;-1;6;7;-1;17
D;Masina;Torino;6;6;0;7;7;0;12
D;Izzo;Monza;6;6;0;6;6;0;11
D;Calabria;Milan;6;7;-1;6;7;-1;13
D;Pezzella Giu.;Empoli;6;5;1;6;5;1;7
D;Marusic;Lazio;6;6;0;7;7;0;10
D;Lazzari;Lazio;6;5;1;6;5;1;12
D;Zortea;Cagliari;6;7;-1;7;8;-1;16
D;Zappa;Cagliari;6;6;0;7;7;0;10
D;Moreno Alb.;Como;6;7;-1;6;7;-1;17
D;Tavares N.;Lazio;6;6;0;6;6;0;10
D;Viti;Empoli;6;5;1;6;5;1;6
D;De Winter;Genoa;6;6;0;6;6;0;8
D;Cabal;Juventus;6;5;1;7;6;1;15
D;Schuurs;Torino;6;7;-1;6;7;-1;10
D;Lucumi';Bologna;6;7;-1;6;7;-1;14
D;Ehizibue;Udinese;6;5;1;6;5;1;8
D;Pedersen;Torino;6;6;0;5;5;0;12
D;Tchatchoua;Verona;6;6;0;6;6;0;14
D;Giannetti L.;Udinese;6;4;2;6;4;2;6
D;Circati;Parma;6;5;1;6;5;1;8
D;Delprato;Parma;6;6;0;7;7;0;14
D;Patric;Lazio;5;5;0;5;5;0;10
D;Zampano;Venezia;5;5;0;6;6;0;8
D;Palomino;Cagliari;5;5;0;5;5;0;8
D;Martin;Genoa;5;4;1;5;4;1;13
D;Lykogiannis;Bologna;5;4;1;5;4;1;12
D;Lazaro;Torino;5;4;1;5;4;1;8
D;Augello;Cagliari;5;5;0;5;5;0;8
D;Candela;Venezia;5;5;0;5;5;0;8
D;Dawidowicz;Verona;5;5;0;5;5;0;7
D;Gallo;Lecce;5;5;0;5;5;0;11
D;Caldirola;Monza;5;5;0;5;5;0;8
D;Kamara H.;Udinese;5;5;0;5;5;0;13
D;Guilbert;Lecce;5;5;0;6;6;0;8
D;Birindelli;Monza;5;5;0;5;5;0;8
D;Azzi;Cagliari;5;4;1;6;5;1;7
D;Kayode;Fiorentina;5;5;0;6;6;0;8
D;Vogliacco;Genoa;5;2;3;5;2;3;4
D;Frese;Verona;5;5;0;5;5;0;7
D;Abdulhamid;Roma;5;5;0;5;5;0;12
D;Hysaj;Lazio;4;4;0;4;5;-1;6
D;Juan Jesus;Napoli;4;5;-1;4;5;-1;6
D;Toloi;Atalanta;4;4;0;4;4;0;9
D;Cuadrado;Atalanta;4;4;0;4;4;0;9
D;Pereira P.;Monza;4;5;-1;4;5;-1;8
D;Magnani;Verona;4;3;1;4;3;1;5
D;Walukiewicz;Empoli;4;4;0;4;4;0;6
D;Gabbia;Milan;4;4;0;4;4;0;9
D;Celik;Roma;4;3;1;4;3;1;12
D;Carboni A.;Monza;4;5;-1;6;6;0;8
D;Kalulu;Juventus;4;4;0;4;5;-1;10
D;Bakker;Atalanta;4;4;0;3;3;0;9
D;Osorio;Parma;4;4;0;4;4;0;6
D;Stojanovic;Empoli;4;4;0;4;4;0;5
D;Ebuehi;Empoli;4;4;0;4;4;0;6
D;Mazzocchi;Napoli;4;4;0;4;4;0;12
D;Svoboda;Venezia;4;4;0;4;4;0;6
D;Coppola D.;Verona;4;4;0;4;4;0;8
D;Gila;Lazio;4;5;-1;4;5;-1;8
D;Bisseck;Inter;4;5;-1;4;5;-1;11
D;Wieteska;Cagliari;4;3;1;4;3;1;4
D;Kristensen T.;Udinese;4;5;-1;4;5;-1;8
D;Idzes;Venezia;4;4;0;4;4;0;9
D;Sverko;Venezia;4;4;0;5;5;0;7
D;Savona;Juventus;4;1;3;4;1;3;10
D;Norton-Cuffy;Genoa;4;4;0;4;4;0;5
D;Mario Rui;Napoli;3;3;0;3;3;0;6
D;D'Ambrosio;Monza;3;3;0;4;4;0;5
D;De Silvestri;Bologna;3;3;0;3;3;0;5
D;Faraoni;Verona;3;3;0;3;3;0;6
D;Ceccherini;Verona;3;3;0;3;3;0;5
D;Pellegrini Lu.;Lazio;3;3;0;3;3;0;6
D;Kabasele;Udinese;3;3;0;3;3;0;4
D;Valenti;Parma;3;3;0;3;3;0;5
D;Balogh;Parma;3;1;2;3;1;2;1
D;Altare;Venezia;3;3;0;3;3;0;8
D;Cacace;Empoli;3;3;0;3;3;0;5
D;Ebosele;Udinese;3;3;0;3;3;0;4
D;Thiaw;Milan;3;4;-1;3;4;-1;10
D;Zemura;Udinese;3;3;0;3;3;0;4
D;Hatzidiakos;Cagliari;3;3;0;3;3;0;4
D;Gaspar K.;Lecce;3;3;0;3;3;0;12
D;Dahl;Roma;3;3;0;3;3;0;8
D;Iovine;Como;3;3;0;3;3;0;7
D;Coulibaly W.;Parma;3;2;1;3;2;1;14
D;Pelmard;Lecce;3;3;0;4;5;-1;7
D;Schingtienne;Venezia;3;3;0;3;3;0;6
D;Kempf;Como;3;3;0;3;3;0;6
D;Barba;Como;2;1;1;2;1;1;3
D;Goldaniga;Como;2;3;-1;2;3;-1;4
D;Bettella;Monza;2;2;0;2;2;0;3
D;Sala M.;Como;2;2;0;2;2;0;6
D;Djalo';Juventus;2;2;0;3;3;0;4
D;Obert;Cagliari;2;2;0;2;2;0;3
D;Okou;Verona;2;2;0;2;2;0;3
D;Comuzzo;Fiorentina;2;1;1;2;1;1;10
D;Sagrado;Venezia;2;1;1;2;1;1;7
D;Dembele' A.;Torino;2;1;1;2;1;1;3
D;Jean;Lecce;2;2;0;2;2;0;3
D;Leoni;Parma;2;2;0;2;2;0;3
D;De Sciglio;Empoli;1;1;0;1;1;0;1
D;Di Chiara;Parma;1;1;0;1;1;0;1
D;Haps;Venezia;1;1;0;1;1;0;1
D;Terracciano F.;Milan;1;1;0;1;1;0;1
D;Ebosse;Udinese;1;1;0;1;1;0;1
D;Matturro;Genoa;1;1;0;1;1;0;1
D;Corazza;Bologna;1;1;0;1;1;0;1
D;Sazonov;Torino;1;1;0;1;1;0;2
D;Goglichidze;Empoli;1;1;0;1;1;0;1
D;Ilic M.;Bologna;1;1;0;1;1;0;1
D;Dellavalle;Torino;1;1;0;1;1;0;1
D;Ghilardi;Verona;1;1;0;1;1;0;1
D;Kovacik;Como;1;1;0;1;1;0;1
D;Sangare' B.;Roma;1;1;0;1;1;0;1
D;Lucchesi;Venezia;1;1;0;1;1;0;1
D;Marcandalli;Genoa;1;1;0;1;1;0;1
D;Rouhi;Juventus;1;1;0;1;1;0;1
D;Marianucci;Empoli;1;1;0;1;1;0;1
C;Pulisic;Milan;30;30;0;29;29;0;180
C;Calhanoglu;Inter;28;28;0;30;30;0;163
C;Koopmeiners;Juventus;28;29;-1;27;28;-1;160
C;Zaccagni;Lazio;27;27;0;26;26;0;155
C;Politano;Napoli;23;24;-1;22;23;-1;70
C;Colpani;Fiorentina;22;23;-1;21;22;-1;89
C;Pellegrini Lo.;Roma;21;22;-1;21;22;-1;73
C;Barella;Inter;21;20;1;20;19;1;75
C;Orsolini;Bologna;21;21;0;21;21;0;90
C;Man;Parma;21;19;2;20;18;2;107
C;Douglas Luiz;Juventus;20;20;0;19;19;0;66
C;Neres;Napoli;20;20;0;19;19;0;77
C;Frattesi;Inter;18;18;0;17;17;0;62
C;Loftus-Cheek;Milan;18;19;-1;18;19;-1;51
C;Samardzic;Atalanta;17;17;0;16;16;0;53
C;Ferguson;Bologna;17;18;-1;17;18;-1;42
C;Mkhitaryan;Inter;15;15;0;14;14;0;40
C;Ederson D.s.;Atalanta;15;15;0;18;18;0;55
C;Pasalic;Atalanta;14;15;-1;14;15;-1;52
C;Vlasic;Torino;14;15;-1;13;14;-1;48
C;Bernabe';Parma;14;14;0;14;14;0;45
C;Harroui;Verona;13;13;0;13;13;0;37
C;Fabbian;Bologna;13;13;0;13;13;0;43
C;Suslov;Verona;13;13;0;13;13;0;37
C;Zaniolo;Atalanta;12;13;-1;11;12;-1;41
C;Strefezza;Como;12;12;0;11;11;0;32
C;Da Cunha;Como;12;12;0;12;12;0;32
C;Frendrup;Genoa;12;11;1;14;13;1;27
C;Reijnders;Milan;12;12;0;11;11;0;30
C;Lazovic;Verona;11;10;1;10;9;1;23
C;Pessina;Monza;11;12;-1;12;13;-1;36
C;Malinovskyi;Genoa;11;11;0;11;11;0;26
C;Conceicao;Juventus;11;11;0;10;10;0;24
C;Zielinski;Inter;10;11;-1;10;11;-1;26
C;Freuler;Bologna;10;9;1;11;10;1;19
C;Guendouzi;Lazio;10;10;0;9;9;0;18
C;Zambo Anguissa;Napoli;10;10;0;11;11;0;19
C;Fagioli;Juventus;10;10;0;9;9;0;18
C;Chukwueze;Milan;10;11;-1;9;10;-1;35
C;Messias;Genoa;10;9;1;10;9;1;24
C;Thuram K.;Juventus;10;10;0;12;12;0;25
C;Ndoye;Bologna;10;10;0;9;9;0;24
C;Aebischer;Bologna;10;10;0;10;10;0;20
C;Lovric;Udinese;10;10;0;10;10;0;23
C;Le Fee;Roma;10;10;0;10;10;0;21
C;Cristante;Roma;9;9;0;10;10;0;20
C;Locatelli;Juventus;9;8;1;10;9;1;19
C;Lobotka;Napoli;9;9;0;10;10;0;16
C;Zurkowski;Empoli;9;10;-1;9;10;-1;23
C;Castrovilli;Lazio;9;10;-1;9;10;-1;17
C;Maldini;Monza;9;9;0;8;8;0;21
C;Ilic;Torino;9;7;2;9;7;2;21
C;Baldanzi;Roma;9;8;1;9;8;1;20
C;Tchaouna;Lazio;9;9;0;9;9;0;16
C;De Roon;Atalanta;8;8;0;9;9;0;16
C;Verdi;Como;8;9;-1;8;9;-1;18
C;Duncan;Venezia;8;8;0;8;8;0;16
C;Sottil;Fiorentina;8;9;-1;8;9;-1;19
C;Duda;Verona;8;7;1;8;8;0;16
C;Gaetano;Napoli;8;9;-1;7;8;-1;10
C;Amrabat;Fiorentina;8;8;0;8;8;0;15
C;Ricci S.;Torino;8;8;0;9;9;0;20
C;Oristanio;Venezia;8;9;-1;9;10;-1;23
C;Payero;Udinese;8;8;0;7;7;0;13
C;Tete Morente;Lecce;8;9;-1;8;8;0;18
C;Richardson;Fiorentina;8;8;0;8;8;0;16
C;Badelj;Genoa;7;6;1;7;6;1;9
C;Vecino;Lazio;7;7;0;8;8;0;15
C;El Shaarawy;Roma;7;8;-1;6;7;-1;19
C;Mandragora;Fiorentina;7;8;-1;8;9;-1;16
C;Mazzitelli;Como;7;8;-1;8;9;-1;18
C;Bennacer;Milan;7;7;0;8;8;0;15
C;Rovella;Lazio;7;7;0;7;7;0;11
C;Weah;Juventus;7;5;2;6;4;2;21
C;Fofana Y.;Milan;7;8;-1;8;9;-1;19
C;Brescianini;Atalanta;7;4;3;8;5;3;33
C;Gyasi;Empoli;7;5;2;7;5;2;20
C;Karlsson;Bologna;7;7;0;6;6;0;10
C;Marchwinski;Lecce;7;8;-1;6;7;-1;16
C;Ekkelenkamp;Udinese;7;6;1;7;6;1;12
C;Paz N.;Como;7;7;0;6;6;0;20
C;Viola;Cagliari;6;6;0;6;6;0;14
C;Paredes;Roma;6;7;-1;7;8;-1;16
C;Sensi;Monza;6;7;-1;6;7;-1;16
C;Barak;Fiorentina;6;6;0;6;6;0;14
C;Valoti;Monza;6;6;0;6;6;0;13
C;Hernani;Parma;6;6;0;4;5;-1;11
C;Marin;Cagliari;6;6;0;6;6;0;13
C;Mckennie;Juventus;6;7;-1;7;8;-1;12
C;Sohm;Parma;6;5;1;5;4;1;13
C;Busio;Venezia;6;7;-1;6;7;-1;15
C;Oudin;Lecce;6;7;-1;6;7;-1;12
C;Iling Junior;Bologna;6;6;0;6;6;0;11
C;Folorunsho;Napoli;6;7;-1;6;7;-1;15
C;Forson O.;Monza;6;6;0;6;6;0;13
C;Dele-Bashiru;Lazio;6;5;1;6;5;1;20
C;Karlstrom;Udinese;6;5;1;6;5;1;8
C;Fadera;Como;6;6;0;4;5;-1;13
C;Gagliardini;Monza;5;5;0;6;6;0;9
C;Thorsby;Genoa;5;5;0;4;4;0;10
C;Henderson L.;Empoli;5;4;1;5;4;1;8
C;Ikone';Fiorentina;5;5;0;5;5;0;13
C;Tameze;Torino;5;5;0;6;6;0;9
C;Saelemaekers;Milan;5;5;0;5;5;0;12
C;Musah;Milan;5;4;1;5;4;1;10
C;Coulibaly L.;Lecce;5;5;0;5;5;0;9
C;Fazzini;Empoli;5;4;1;5;4;1;19
C;Ramadani;Lecce;5;5;0;6;6;0;10
C;Serdar;Verona;5;5;0;6;6;0;10
C;Deiola;Cagliari;4;4;0;5;5;0;6
C;Linetty;Torino;4;3;1;4;3;1;7
C;Kastanos;Verona;4;4;0;4;4;0;7
C;Kostic;Juventus;4;4;0;4;5;-1;7
C;Estevez;Parma;4;4;0;5;5;0;10
C;Bove;Roma;4;5;-1;6;6;0;10
C;Urbanski;Bologna;4;5;-1;6;6;0;10
C;Maleh;Empoli;4;3;1;4;3;1;8
C;Bjarkason;Venezia;4;4;0;4;4;0;6
C;Asllani;Inter;4;5;-1;6;6;0;14
C;Miretti;Genoa;4;4;0;4;4;0;18
C;Adli;Fiorentina;4;5;-1;6;6;0;10
C;Ciurria;Monza;4;5;-1;6;6;0;8
C;Bondo;Monza;4;3;1;4;3;1;5
C;Ellertsson;Venezia;4;2;2;4;2;2;11
C;Perrone;Como;4;4;0;4;4;0;6
C;Gineitis;Torino;4;4;0;4;4;0;12
C;Rafia;Lecce;4;4;0;4;4;0;8
C;El Azzouzi;Bologna;4;4;0;4;5;-1;7
C;Makoumbou;Cagliari;4;4;0;4;5;-1;7
C;Prati;Cagliari;4;4;0;5;5;0;12
C;Pierret;Lecce;4;4;0;5;5;0;8
C;Felici;Cagliari;4;5;-1;6;6;0;12
C;Andersen M.k.;Venezia;4;2;2;4;2;2;13
C;Grassi;Empoli;3;3;0;4;4;0;4
C;Cataldi;Lazio;3;3;0;3;3;0;7
C;Baselli;Como;3;3;0;3;3;0;7
C;Jankto;Cagliari;3;3;0;4;4;0;6
C;Cyprien;Parma;3;2;1;3;2;1;2
C;Adopo;Cagliari;3;2;1;3;2;1;3
C;Zalewski;Roma;3;2;1;3;2;1;8
C;Vignato S.;Monza;3;2;1;3;2;1;5
C;Alidou;Verona;3;3;0;3;3;0;6
C;Moro N.;Bologna;3;2;1;3;2;1;8
C;Zarraga;Udinese;3;3;0;4;4;0;6
C;Dani Silva;Verona;3;3;0;3;3;0;5
C;Mitrovic S.;Verona;3;3;0;3;3;0;6
C;Braunoder;Como;3;3;0;4;4;0;8
C;Engelhardt;Como;3;4;-1;3;4;-1;8
C;Haas;Empoli;2;2;0;2;2;0;3
C;Nicolussi Caviglia;Venezia;2;1;1;2;1;1;4
C;Pobega;Bologna;2;2;0;3;3;0;10
C;Camara D.;Parma;2;1;1;2;1;1;1
C;Crnigoj;Venezia;2;1;1;2;1;1;1
C;Bianco;Fiorentina;2;2;0;2;2;0;2
C;Zerbin;Napoli;2;2;0;2;2;0;4
C;Sulemana I.;Atalanta;2;2;0;3;3;0;4
C;Belahyane;Verona;2;1;1;2;1;1;4
C;Anjorin;Empoli;2;2;0;2;2;0;4
C;Akpa Akpro;Lazio;1;1;0;1;1;0;2
C;Kone B.;Como;1;1;0;1;1;0;1
C;Bohinen;Genoa;1;1;0;1;1;0;1
C;Abildgaard;Como;1;1;0;1;1;0;2
C;Pisilli;Roma;1;1;0;1;1;0;1
C;Belardinelli;Empoli;1;1;0;1;1;0;1
C;Kaba;Lecce;1;1;0;1;1;0;1
C;Zeroli;Milan;1;1;0;1;1;0;1
C;Buchanan T.;Inter;1;1;0;1;1;0;1
C;Adzic;Juventus;1;1;0;1;1;0;1
C;Liberali;Milan;1;1;0;1;1;0;1
C;Doumbia I.;Venezia;1;1;0;1;1;0;2
C;Byar;Bologna;1;1;0;1;1;0;1
A;Martinez L.;Inter;39;41;-2;40;42;-2;406
A;Vlahovic;Juventus;38;37;1;39;38;1;383
A;Osimhen;Napoli;34;35;-1;34;36;-2;271
A;Dybala;Roma;33;34;-1;34;35;-1;279
A;Lukaku;Napoli;33;33;0;33;33;0;340
A;Thuram;Inter;32;31;1;31;30;1;260
A;Kvaratskhelia;Napoli;30;29;1;31;30;1;260
A;Dovbyk;Roma;30;32;-2;30;31;-1;238
A;Scamacca;Atalanta;27;28;-1;26;27;-1;145
A;Lookman;Atalanta;27;28;-1;28;29;-1;222
A;Morata;Milan;26;26;0;26;26;0;181
A;Zapata D.;Torino;26;25;1;26;25;1;172
A;Gudmundsson A.;Fiorentina;26;27;-1;27;28;-1;170
A;Gonzalez N.;Juventus;24;25;-1;25;26;-1;102
A;Leao;Milan;24;25;-1;25;26;-1;200
A;Retegui;Atalanta;23;20;3;22;19;3;194
A;Castellanos;Lazio;22;21;1;22;21;1;112
A;De Ketelaere;Atalanta;21;21;0;21;21;0;147
A;Dallinga;Bologna;21;22;-1;20;21;-1;94
A;Kean;Fiorentina;20;21;-1;20;21;-1;100
A;Pinamonti;Genoa;19;18;1;18;17;1;97
A;Soule';Roma;19;20;-1;21;22;-1;93
A;Belotti;Como;16;17;-1;15;16;-1;75
A;Yildiz;Juventus;16;15;1;17;16;1;84
A;Krstovic;Lecce;16;17;-1;15;16;-1;72
A;Noslin;Lazio;16;16;0;16;16;0;73
A;Taremi;Inter;16;15;1;15;14;1;70
A;Adams C.;Torino;16;14;2;16;15;1;72
A;Sanchez;Udinese;15;16;-1;15;16;-1;70
A;Pohjanpalo;Venezia;15;16;-1;14;15;-1;78
A;Dia;Lazio;15;15;0;14;14;0;66
A;Piccoli;Cagliari;14;13;1;13;12;1;55
A;Lucca;Udinese;14;14;0;14;13;1;71
A;Colombo;Empoli;13;12;1;12;11;1;55
A;Simeone;Napoli;12;11;1;11;10;1;15
A;Abraham;Roma;12;13;-1;12;13;-1;30
A;Cambiaghi;Bologna;12;12;0;12;12;0;20
A;Luvumbo;Cagliari;12;12;0;12;12;0;38
A;Vitinha O.;Genoa;12;12;0;11;11;0;79
A;Okafor;Milan;12;11;1;12;11;1;21
A;Isaksen;Lazio;12;11;1;13;12;1;25
A;Tengstedt;Verona;12;12;0;11;11;0;22
A;Milik;Juventus;11;12;-1;9;10;-1;22
A;Thauvin;Udinese;11;10;1;11;10;1;37
A;Djuric;Monza;11;12;-1;11;12;-1;31
A;Sanabria;Torino;10;10;0;9;9;0;18
A;Cutrone;Como;10;9;1;9;8;1;23
A;Raspadori;Napoli;10;11;-1;11;12;-1;22
A;Almqvist;Parma;10;9;1;11;10;1;18
A;Beltran L.;Fiorentina;10;11;-1;10;11;-1;34
A;Mosquera;Verona;10;8;2;9;7;2;25
A;Lapadula;Cagliari;9;9;0;8;8;0;11
A;Caprari;Monza;9;9;0;9;9;0;17
A;Jovic;Milan;9;10;-1;8;9;-1;16
A;Odgaard;Bologna;9;10;-1;10;11;-1;13
A;Ekuban;Genoa;9;9;0;9;9;0;10
A;Mota;Monza;9;10;-1;9;10;-1;22
A;Ngonge;Napoli;9;9;0;10;10;0;12
A;Benedyczak;Parma;9;10;-1;9;10;-1;20
A;Bonny;Parma;9;8;1;8;7;1;42
A;Arnautovic;Inter;8;8;0;7;7;0;20
A;Mihaila;Parma;8;8;0;9;9;0;17
A;Banda;Lecce;8;9;-1;9;10;-1;13
A;Brenner;Udinese;8;7;1;8;7;1;26
A;Castro S.;Bologna;8;8;0;7;7;0;47
A;Cancellieri;Parma;6;4;2;6;4;2;13
A;Davis K.;Udinese;6;6;0;4;5;-1;8
A;Rocha Livramento;Verona;6;4;2;5;3;2;12
A;Petagna;Monza;5;5;0;3;3;0;13
A;Shomurodov;Roma;5;3;2;5;3;2;6
A;Gytkjaer;Venezia;5;5;0;4;4;0;10
A;Mbangula;Juventus;5;1;4;5;1;4;17
A;Dominguez B.;Bologna;5;5;0;5;5;0;11
A;Rebic;Lecce;4;4;0;4;4;0;7
A;Pierini;Venezia;4;3;1;4;3;1;8
A;Kouame';Fiorentina;4;4;0;4;4;0;13
A;Esposito Se.;Empoli;4;3;1;4;3;1;15
A;Solbakken;Empoli;4;3;1;4;3;1;12
A;Sarr A.;Verona;4;4;0;4;4;0;7
A;Pierotti;Lecce;4;4;0;4;4;0;4
A;Tavsan;Verona;4;4;0;4;4;0;4
A;Bravo;Udinese;4;4;0;4;4;0;8
A;Pavoletti;Cagliari;3;3;0;3;3;0;5
A;Correa;Inter;3;3;0;3;3;0;7
A;Pellegri;Torino;3;3;0;3;3;0;4
A;Pedro;Lazio;3;3;0;3;3;0;5
A;Shpendi S.;Empoli;3;3;0;3;3;0;5
A;Pizarro;Udinese;3;3;0;3;3;0;7
A;Cerri;Como;2;1;1;2;1;1;1
A;Raimondo;Venezia;2;1;1;2;1;1;2
A;Gabrielloni;Como;2;2;0;2;1;1;2
A;Partipilo;Parma;2;2;0;2;2;0;2
A;Karamoh;Torino;1;1;0;1;1;0;1
A;Burnete;Lecce;1;1;0;1;1;0;1
A;Cruz;Verona;1;1;0;1;1;0;1
A;Camarda;Milan;1;1;0;1;1;0;1
A;Ankeye;Genoa;1;1;0;1;1;0;1
A;Mutandwa;Cagliari;1;1;0;1;1;0;2
A;Joao Costa;Roma;1;1;0;1;1;0;1
A;Jasim;Como;1;1;0;1;1;0;1
A;Charpentier;Parma;1;1;0;1;1;0;1
A;Ekhator;Genoa;1;1;0;1;1;0;1
P;Sommer;Inter;17;15;2;17;15;2;120
P;Szczesny;Juventus;16;15;1;16;15;1;100
P;Svilar;Roma;16;1;15;16;1;15;70
P;Di Gregorio;Monza;16;12;4;16;12;4;80
P;Skorupski;Bologna;15;10;5;15;10;5;65
P;Terracciano;Fiorentina;15;10;5;15;10;5;65
P;Carnesecchi;Atalanta;15;11;4;15;11;4;65
P;Milinkovic-Savic V.;Torino;14;10;4;14;10;4;65
P;Caprile;Empoli;14;7;7;14;7;7;25
P;Meret;Napoli;13;17;-4;13;17;-4;55
P;Montipo';Verona;13;7;6;13;7;6;20
P;Falcone;Lecce;12;8;4;12;8;4;25
P;Provedel;Lazio;12;16;-4;12;16;-4;55
P;Martinez Jo.;Genoa;12;8;4;12;8;4;40
P;Okoye;Udinese;12;1;11;12;1;11;20
P;Mandas;Lazio;11;1;10;11;1;10;1
P;Maignan;Milan;10;17;-7;10;17;-7;75
P;Ravaglia F.;Bologna;9;1;8;9;1;8;1
P;Consigli;Sassuolo;7;5;2;7;5;2;14
P;Scuffet;Cagliari;7;1;6;7;1;6;15
P;Rui Patricio;Roma;7;14;-7;7;14;-7;5
P;Turati;Frosinone;7;5;2;7;5;2;12
P;Sportiello;Milan;6;1;5;6;1;5;2
P;Audero;Inter;6;1;5;6;1;5;1
P;Musso;Atalanta;5;3;2;5;3;2;5
P;Perin;Juventus;4;1;3;4;1;3;2
P;Cerofolini;Frosinone;4;1;3;4;1;3;1
P;Ochoa;Salernitana;4;9;-5;4;9;-5;10
P;Berisha;Empoli;3;1;2;3;1;2;1
P;Perilli;Verona;3;1;2;3;1;2;1
P;Di Gennaro;Inter;3;1;2;3;1;2;1
P;Pinsoglio;Juventus;3;1;2;3;1;2;1
P;Rossi F.;Atalanta;3;1;2;3;1;2;1
P;Leali;Genoa;2;1;1;2;1;1;1
P;Gollini;Napoli;2;1;1;2;1;1;5
P;Aresti;Cagliari;2;1;1;2;1;1;1
P;Fiorillo;Salernitana;2;1;1;2;1;1;1
P;Cragno;Sassuolo;2;4;-2;2;4;-2;1
P;Silvestri;Udinese;2;9;-7;2;9;-7;1
P;Sorrentino A.;Monza;2;1;1;2;1;1;1
P;Radunovic;Cagliari;1;8;-7;1;8;-7;1
P;Mirante;Milan;1;1;0;1;1;0;1
P;Sepe;Lazio;1;1;0;1;1;0;1
P;Sommariva;Genoa;1;1;0;1;1;0;1
P;Pegolo;Sassuolo;1;1;0;1;1;0;1
P;Padelli;Udinese;1;1;0;1;1;0;1
P;Perisan;Empoli;1;2;-1;1;2;-1;1
P;Costil;Salernitana;1;1;0;1;1;0;1
P;Frattali;Frosinone;1;1;0;1;1;0;1
P;Contini;Napoli;1;1;0;1;1;0;1
P;Brancolini;Lecce;1;1;0;1;1;0;1
P;Berardi A.;Verona;1;1;0;1;1;0;1
P;Gemello;Torino;1;1;0;1;1;0;1
P;Boer;Roma;1;1;0;1;1;0;1
P;Bagnolini;Bologna;1;1;0;1;1;0;1
P;Martinelli T.;Fiorentina;1;1;0;1;1;0;1
P;Popa;Torino;1;1;0;1;1;0;1
P;Gori;Monza;1;1;0;1;1;0;1
P;Christensen O.;Fiorentina;1;3;-2;1;3;-2;1
P;Borbei;Lecce;1;1;0;1;1;0;1
P;Nava;Milan;1;1;0;1;1;0;1
P;Gasperini T.;Bologna;1;1;0;1;1;0;1
P;Samooja;Lecce;1;1;0;1;1;0;1
P;Stolz;Genoa;1;1;0;1;1;0;1
D;Dimarco;Inter;24;19;5;24;18;6;150
D;Zortea;Frosinone;16;3;13;16;4;12;55
D;Dumfries;Inter;16;12;4;15;11;4;85
D;Buongiorno;Torino;15;11;4;15;11;4;90
D;Hernandez T.;Milan;15;17;-2;15;17;-2;100
D;Acerbi;Inter;14;11;3;14;11;3;90
D;Bastoni;Inter;14;13;1;14;13;1;85
D;Bremer;Juventus;14;13;1;14;13;1;80
D;Bellanova;Torino;14;8;6;14;8;6;65
D;Carlos Augusto;Inter;14;17;-3;14;17;-3;27
D;Darmian;Inter;13;11;2;13;13;0;48
D;Calafiori;Bologna;13;4;9;13;4;9;75
D;Martinez Quarta;Fiorentina;13;6;7;13;6;7;50
D;Vasquez;Genoa;13;4;9;13;5;8;17
D;Bisseck;Inter;13;4;9;13;4;9;27
D;Rodriguez R.;Torino;12;8;4;11;9;2;25
D;Di Lorenzo;Napoli;12;18;-6;12;18;-6;55
D;Tomori;Milan;12;13;-1;12;13;-1;75
D;Scalvini;Atalanta;12;9;3;12;9;3;40
D;Luperto;Empoli;11;8;3;11;8;3;40
D;Mancini;Roma;11;11;0;11;11;0;60
D;Mina;Cagliari;11;8;3;11;8;3;25
D;Gendrey;Lecce;11;6;5;11;6;5;26
D;Posch;Bologna;11;16;-5;11;18;-7;35
D;De Vrij;Inter;10;6;4;10;6;4;22
D;Zappacosta;Atalanta;10;15;-5;10;14;-4;33
D;Spinazzola;Roma;10;10;0;10;9;1;20
D;Pavard;Inter;10;14;-4;10;15;-5;70
D;Danilo;Juventus;10;15;-5;10;18;-8;42
D;Gallo;Lecce;10;5;5;10;5;5;23
D;Ruggeri;Atalanta;10;3;7;11;4;7;42
D;Cambiaso;Juventus;10;5;5;10;6;4;46
D;Kamara H.;Udinese;10;6;4;10;6;4;26
D;Gatti;Juventus;10;6;4;10;6;4;52
D;Lucumi';Bologna;10;7;3;10;7;3;23
D;Kayode;Fiorentina;10;1;9;11;2;9;25
D;Biraghi;Fiorentina;9;10;-1;9;10;-1;29
D;Patric;Lazio;9;5;4;9;6;3;20
D;Calabria;Milan;9;9;0;9;9;0;25
D;Florenzi;Milan;9;3;6;9;4;5;5
D;Lirola;Frosinone;9;3;6;9;3;6;13
D;Kolasinac;Atalanta;9;9;0;9;10;-1;33
D;Rrahmani;Napoli;9;14;-5;9;14;-5;38
D;Angelino;Roma;9;8;1;9;8;1;33
D;Kristiansen;Bologna;9;6;3;9;6;3;24
D;Rugani;Juventus;8;3;5;8;3;5;14
D;De Silvestri;Bologna;8;2;6;8;2;6;8
D;Djimsiti;Atalanta;8;7;1;8;7;1;33
D;Bani;Genoa;8;3;5;8;3;5;24
D;Lazaro;Torino;8;4;4;8;4;4;24
D;Gabbia;Milan;8;2;6;8;2;6;18
D;Toljan;Sassuolo;8;6;2;8;6;2;24
D;Zappa;Cagliari;8;6;2;8;6;2;21
D;Mari';Monza;8;9;-1;8;9;-1;26
D;Birindelli;Monza;8;5;3;8;6;2;13
D;Bijol;Udinese;8;9;-1;8;9;-1;27
D;Sambia;Salernitana;8;4;4;8;4;4;10
D;Beukema;Bologna;8;6;2;8;6;2;40
D;Dossena;Cagliari;8;6;2;8;6;2;25
D;Romagnoli S.;Frosinone;7;5;2;7;5;2;13
D;Sabelli;Genoa;7;4;3;7;5;2;18
D;Lykogiannis;Bologna;7;5;2;7;5;2;12
D;Magnani;Verona;7;3;4;7;3;4;10
D;Smalling;Roma;7;15;-8;7;15;-8;20
D;Augello;Cagliari;7;5;2;7;5;2;11
D;Monterisi;Frosinone;7;1;6;7;1;6;22
D;Llorente D.;Roma;7;6;1;7;6;1;22
D;Pongracic;Lecce;7;5;2;7;5;2;23
D;Perez N.;Udinese;7;9;-2;7;9;-2;23
D;Holm;Atalanta;7;10;-3;7;9;-2;25
D;Spence;Genoa;7;5;2;7;5;2;13
D;Schuurs;Torino;7;14;-7;7;14;-7;10
D;Ehizibue;Udinese;7;5;2;7;5;2;6
D;Dorgu;Lecce;7;1;6;7;1;6;26
D;Manolas;Salernitana;6;6;0;6;6;0;12
D;Romagnoli;Lazio;6;13;-7;6;13;-7;32
D;Bereszynski;Empoli;6;3;3;6;3;3;11
D;Marusic;Lazio;6;7;-1;6;8;-2;21
D;Lazzari;Lazio;6;5;1;6;5;1;24
D;Martin;Genoa;6;8;-2;6;8;-2;20
D;N'Dicka;Roma;6;9;-3;6;9;-3;35
D;Ranieri L.;Fiorentina;6;5;1;6;6;0;23
D;Kyriakopoulos;Monza;6;9;-3;6;9;-3;17
D;Erlic;Sassuolo;6;5;1;6;5;1;15
D;Vojvoda;Torino;6;6;0;6;5;1;13
D;Bakker;Atalanta;6;12;-6;3;11;-8;10
D;Mazzocchi;Napoli;6;12;-6;7;14;-7;20
D;Zanoli;Salernitana;6;4;2;6;4;2;15
D;Ostigard;Napoli;6;4;2;6;4;2;14
D;Coppola D.;Verona;6;2;4;6;2;4;13
D;Gila;Lazio;6;1;5;6;1;5;23
D;Doig;Sassuolo;6;11;-5;6;11;-5;23
D;Valeri;Frosinone;6;6;0;6;6;0;15
D;Hien;Atalanta;6;8;-2;6;8;-2;28
D;Vogliacco;Genoa;6;5;1;6;6;0;4
D;Pierozzi;Salernitana;6;1;5;6;2;4;8
D;Kristensen T.;Udinese;6;2;4;6;2;4;18
D;Masina;Torino;5;6;-1;5;7;-2;11
D;Cuadrado;Inter;5;9;-4;5;8;-3;12
D;Ferrari G.;Sassuolo;5;4;1;5;4;1;12
D;Karsdorp;Roma;5;2;3;5;2;3;25
D;Boateng J.;Salernitana;5;7;-2;5;7;-2;13
D;Walukiewicz;Empoli;5;3;2;5;3;2;11
D;Carboni A.;Monza;5;3;2;5;4;1;16
D;Caldirola;Monza;5;7;-2;5;8;-3;16
D;Ismajli;Empoli;5;5;0;5;5;0;16
D;Bastoni S.;Empoli;5;8;-3;5;8;-3;13
D;Bradaric;Salernitana;5;7;-2;5;7;-2;21
D;Haps;Genoa;5;2;3;5;2;3;8
D;Viti;Sassuolo;5;6;-1;5;6;-1;7
D;De Winter;Genoa;5;3;2;5;3;2;15
D;Cacace;Empoli;5;3;2;5;3;2;14
D;Baschirotto;Lecce;5;10;-5;5;11;-6;25
D;Olivera;Napoli;5;7;-2;5;7;-2;25
D;Cabal;Verona;5;3;2;5;4;1;10
D;Zemura;Udinese;5;5;0;5;5;0;19
D;Huijsen;Roma;5;1;4;5;1;4;23
D;Hysaj;Lazio;4;7;-3;4;8;-4;15
D;Izzo;Monza;4;8;-4;4;8;-4;18
D;D'Ambrosio;Monza;4;7;-3;4;9;-5;20
D;Juan Jesus;Napoli;4;5;-1;4;6;-2;20
D;Alex Sandro;Juventus;4;6;-2;4;7;-3;16
D;Toloi;Atalanta;4;9;-5;4;9;-5;13
D;Pereira P.;Monza;4;1;3;4;1;3;14
D;Fazio;Salernitana;4;2;2;4;2;2;12
D;Hateboer;Atalanta;4;7;-3;4;6;-2;15
D;Milenkovic;Fiorentina;4;10;-6;4;10;-6;23
D;Marchizza;Frosinone;4;5;-1;4;6;-2;17
D;Kjaer;Milan;4;4;0;4;4;0;18
D;Pellegrini Lu.;Lazio;4;4;0;4;4;0;12
D;Okoli;Frosinone;4;2;2;4;2;2;17
D;Dawidowicz;Verona;4;4;0;4;4;0;14
D;Celik;Roma;4;3;1;4;3;1;7
D;Vinagre;Verona;4;4;0;4;4;0;10
D;Pirola;Salernitana;4;5;-1;4;5;-1;13
D;Parisi;Fiorentina;4;8;-4;4;8;-4;18
D;Terracciano F.;Milan;4;3;1;4;3;1;14
D;Ebosele;Udinese;4;4;0;4;4;0;22
D;Azzi;Cagliari;4;5;-1;4;5;-1;9
D;Ferreira J.;Udinese;4;1;3;4;1;3;12
D;Centonze;Verona;4;4;0;4;4;0;6
D;Mario Rui;Napoli;3;10;-7;3;10;-7;25
D;Pezzella Giu.;Empoli;3;5;-2;3;5;-2;5
D;Bonifazi;Frosinone;3;3;0;3;3;0;12
D;Djidji;Torino;3;6;-3;3;6;-3;16
D;Kalulu;Milan;3;7;-4;3;8;-5;12
D;Casale;Lazio;3;10;-7;3;10;-7;18
D;Thiaw;Milan;3;10;-7;3;10;-7;24
D;Missori;Sassuolo;3;1;2;3;1;2;1
D;Kristensen;Roma;3;9;-6;3;9;-6;15
D;Pedersen;Sassuolo;3;7;-4;3;7;-4;17
D;Gyomber;Salernitana;2;6;-4;2;6;-4;11
D;Venuti;Lecce;2;4;-2;2;5;-3;7
D;Kabasele;Udinese;2;5;-3;2;5;-3;5
D;Lovato;Torino;2;4;-2;2;4;-2;15
D;Di Pardo;Cagliari;2;2;0;2;2;0;3
D;Ebuehi;Empoli;2;11;-9;2;11;-9;13
D;Djalo';Juventus;2;5;-3;4;7;-3;13
D;Obert;Cagliari;2;5;-3;2;5;-3;6
D;Tressoldi;Sassuolo;2;5;-3;2;5;-3;8
D;Cittadini;Genoa;2;3;-1;2;3;-1;8
D;Dodo';Fiorentina;2;8;-6;2;8;-6;15
D;Oyono;Frosinone;2;1;1;2;1;1;14
D;Matturro;Genoa;2;1;1;2;1;1;2
D;Hatzidiakos;Cagliari;2;5;-3;2;5;-3;7
D;Bonfanti;Atalanta;2;1;1;2;1;1;1
D;Pellegrino;Salernitana;2;1;1;2;1;1;3
D;Wieteska;Cagliari;2;5;-3;2;5;-3;9
D;Touba;Lecce;2;3;-1;2;3;-1;5
D;Bartesaghi;Milan;2;1;1;2;1;1;2
D;Giannetti L.;Udinese;2;4;-2;2;4;-2;24
D;Pasalidis;Salernitana;2;3;-1;2;3;-1;9
D;Dermaku;Lecce;1;1;0;1;1;0;1
D;Tonelli;Empoli;1;1;0;1;1;0;2
D;De Sciglio;Juventus;1;3;-2;1;3;-2;6
D;Faraoni;Fiorentina;1;9;-8;1;9;-8;20
D;Palomino;Atalanta;1;7;-6;1;7;-6;8
D;Donati;Monza;1;1;0;1;1;0;3
D;Bettella;Monza;1;1;0;1;1;0;1
D;Kumbulla;Sassuolo;1;3;-2;1;3;-2;13
D;Soumaoro;Bologna;1;4;-3;1;4;-3;5
D;Amey;Bologna;1;1;0;1;1;0;1
D;Ebosse;Udinese;1;3;-2;1;4;-3;3
D;Abankwah;Udinese;1;1;0;1;1;0;1
D;Natan;Napoli;1;9;-8;1;9;-8;13
D;Corazza;Bologna;1;1;0;1;1;0;5
D;Mateus Lusuardi;Frosinone;1;1;0;1;1;0;1
D;Kalaj;Frosinone;1;1;0;1;1;0;1
D;Sazonov;Torino;1;3;-2;1;3;-2;7
D;Comuzzo;Fiorentina;1;1;0;1;1;0;1
D;Simic J.;Milan;1;1;0;1;1;0;1
D;Jimenez A.;Milan;1;1;0;1;1;0;5
D;Goglichidze;Empoli;1;1;0;1;1;0;1
D;Ilic M.;Bologna;1;3;-2;1;3;-2;5
C;Calhanoglu;Inter;30;16;14;30;18;12;330
C;Gudmundsson A.;Genoa;30;14;16;30;13;17;330
C;Pulisic;Milan;29;18;11;29;17;12;300
C;Koopmeiners;Atalanta;29;24;5;29;24;5;300
C;De Ketelaere;Atalanta;26;7;19;26;7;19;270
C;Orsolini;Bologna;23;21;2;23;20;3;200
C;Politano;Napoli;22;14;8;22;13;9;85
C;Colpani;Monza;22;9;13;22;9;13;105
C;Candreva;Salernitana;21;15;6;20;14;6;60
C;Pellegrini Lo.;Roma;21;16;5;21;16;5;175
C;Frattesi;Inter;21;17;4;21;17;4;55
C;Bonaventura;Fiorentina;20;14;6;20;14;6;90
C;Pasalic;Atalanta;20;14;6;20;13;7;130
C;Luis Alberto;Lazio;20;21;-1;20;22;-2;80
C;Ferguson;Bologna;20;17;3;20;18;2;50
C;Mkhitaryan;Inter;19;13;6;19;13;6;40
C;Samardzic;Udinese;19;16;3;19;16;3;55
C;Fabbian;Bologna;19;5;14;19;5;14;45
C;Vecino;Lazio;18;6;12;18;7;11;27
C;Miranchuk;Atalanta;18;10;8;18;10;8;40
C;Ederson D.s.;Atalanta;18;10;8;18;10;8;51
C;Felipe Anderson;Lazio;17;23;-6;17;23;-6;49
C;Barella;Inter;17;20;-3;17;20;-3;57
C;Oudin;Lecce;17;6;11;17;5;12;30
C;Zaccagni;Lazio;16;28;-12;16;28;-12;120
C;Mazzitelli;Frosinone;16;4;12;16;5;11;33
C;Loftus-Cheek;Milan;16;13;3;16;13;3;65
C;Gaetano;Cagliari;16;3;13;16;3;13;44
C;Frendrup;Genoa;16;5;11;15;7;8;35
C;Pereyra;Udinese;15;13;2;15;14;1;40
C;Viola;Cagliari;15;2;13;15;2;13;24
C;Cristante;Roma;15;9;6;14;10;4;34
C;Rabiot;Juventus;15;22;-7;15;22;-7;65
C;Brescianini;Frosinone;15;5;10;15;6;9;24
C;Tchaouna;Salernitana;15;3;12;15;2;13;45
C;Pessina;Monza;14;14;0;14;14;0;43
C;Saelemaekers;Bologna;14;5;9;14;5;9;42
C;Maldini;Monza;14;5;9;14;5;9;35
C;Carboni V.;Monza;14;2;12;14;2;12;24
C;Reijnders;Milan;14;12;2;14;13;1;28
C;El Shaarawy;Roma;13;16;-3;13;15;-2;39
C;Bennacer;Milan;13;10;3;13;11;2;30
C;Malinovskyi;Genoa;13;17;-4;13;16;-3;23
C;Mckennie;Juventus;13;8;5;13;7;6;45
C;Vlasic;Torino;13;18;-5;13;19;-6;50
C;Harroui;Frosinone;13;4;9;13;5;8;25
C;Thorstvedt;Sassuolo;13;6;7;13;6;7;43
C;Suslov;Verona;13;3;10;14;5;9;40
C;Duncan;Fiorentina;12;5;7;12;4;8;31
C;Arthur Melo;Fiorentina;12;7;5;12;8;4;26
C;Folorunsho;Verona;12;2;10;12;2;10;41
C;Zielinski;Napoli;11;20;-9;11;20;-9;30
C;Badelj;Genoa;11;5;6;11;6;5;23
C;Mandragora;Fiorentina;11;9;2;11;10;1;14
C;Barak;Fiorentina;11;12;-1;10;11;-1;20
C;Guendouzi;Lazio;11;13;-2;11;12;-1;29
C;Thorsby;Genoa;11;9;2;11;11;0;15
C;Nandez;Cagliari;11;7;4;11;8;3;27
C;Ilic;Torino;11;12;-1;11;12;-1;20
C;Asllani;Inter;11;4;7;11;5;6;13
C;Alcaraz;Juventus;11;14;-3;11;14;-3;27
C;Lazovic;Verona;10;15;-5;10;15;-5;25
C;Paredes;Roma;10;7;3;10;8;2;33
C;Freuler;Bologna;10;7;3;10;8;2;27
C;Aouar;Roma;10;15;-5;10;15;-5;23
C;Castrovilli;Fiorentina;10;10;0;10;9;1;20
C;Messias;Genoa;10;9;1;10;8;2;23
C;Baldanzi;Roma;10;15;-5;11;14;-3;25
C;Oristanio;Cagliari;10;4;6;10;7;3;26
C;Locatelli;Juventus;9;12;-3;9;13;-4;28
C;Kastanos;Salernitana;9;7;2;9;7;2;13
C;Walace;Udinese;9;7;2;9;8;1;22
C;Duda;Verona;9;6;3;9;6;3;24
C;Chukwueze;Milan;9;19;-10;9;18;-9;35
C;Maggiore;Salernitana;9;3;6;9;3;6;18
C;Ndoye;Bologna;9;12;-3;9;11;-2;29
C;Iling Junior;Juventus;9;4;5;9;3;6;23
C;El Azzouzi;Bologna;9;1;8;9;1;8;23
C;De Roon;Atalanta;8;11;-3;8;12;-4;28
C;Gagliardini;Monza;8;6;2;8;7;1;25
C;Sottil;Fiorentina;8;8;0;8;8;0;21
C;Lobotka;Napoli;8;13;-5;8;14;-6;30
C;Zurkowski;Empoli;8;7;1;8;7;1;30
C;Ikone';Fiorentina;8;13;-5;8;12;-4;27
C;Kostic;Juventus;8;15;-7;8;15;-7;25
C;Marin;Empoli;8;8;0;8;9;-1;17
C;Bajrami;Sassuolo;8;13;-5;8;12;-4;20
C;Matheus Henrique;Sassuolo;8;9;-1;9;8;1;26
C;Lovric;Udinese;8;15;-7;8;15;-7;25
C;Kamada;Lazio;8;15;-7;8;15;-7;37
C;Zarraga;Udinese;8;3;5;8;3;5;15
C;Serdar;Verona;8;5;3;8;5;3;15
C;Strootman;Genoa;7;6;1;7;7;0;15
C;Zambo Anguissa;Napoli;7;14;-7;7;15;-8;22
C;Reinier;Frosinone;7;8;-1;7;8;-1;22
C;Racic;Sassuolo;7;4;3;7;5;2;8
C;Kovalenko;Empoli;7;4;3;7;4;3;12
C;Bove;Roma;7;5;2;7;5;2;23
C;Ricci S.;Torino;7;13;-6;7;14;-7;24
C;Aebischer;Bologna;7;5;2;7;5;2;16
C;Adli;Milan;7;1;6;7;1;6;10
C;Gonzalez J.;Lecce;7;7;0;7;7;0;17
C;Moro N.;Bologna;7;6;1;7;6;1;16
C;Prati;Cagliari;7;2;5;7;3;4;15
C;Payero;Udinese;7;5;2;7;5;2;34
C;Rovella;Lazio;6;5;1;6;6;0;23
C;Gyasi;Empoli;6;8;-2;6;8;-2;18
C;Volpato;Sassuolo;6;3;3;6;3;3;14
C;Blin;Lecce;6;6;0;6;6;0;11
C;Bondo;Monza;6;1;5;6;1;5;1
C;Fazzini;Empoli;6;6;0;6;6;0;12
C;Sulemana I.;Cagliari;6;3;3;6;2;4;20
C;Boloca;Sassuolo;6;6;0;6;7;-1;21
C;Buchanan;Inter;6;5;1;7;7;0;15
C;Mitrovic S.;Verona;6;5;1;6;5;1;9
C;Cataldi;Lazio;5;7;-2;5;8;-3;20
C;Deiola;Cagliari;5;4;1;5;4;1;9
C;Jankto;Cagliari;5;7;-2;4;8;-4;12
C;Linetty;Torino;5;5;0;5;6;-1;19
C;Vignato;Salernitana;5;2;3;5;2;3;3
C;Traore' Hj.;Napoli;5;7;-2;5;6;-1;21
C;Weah;Juventus;5;10;-5;5;10;-5;23
C;Tameze;Torino;5;8;-3;5;9;-4;15
C;Musah;Milan;5;9;-4;5;9;-4;21
C;Urbanski;Bologna;5;1;4;5;1;4;22
C;Maleh;Empoli;5;5;0;5;4;1;15
C;Coulibaly L.;Salernitana;5;8;-3;5;9;-4;19
C;Zerbin;Monza;5;1;4;5;1;4;22
C;Barrenechea;Frosinone;5;2;3;6;3;3;21
C;Rafia;Lecce;5;3;2;5;3;2;13
C;Ramadani;Lecce;5;6;-1;6;7;-1;23
C;Tchatchoua;Verona;5;4;1;5;3;2;15
C;Grassi;Empoli;4;5;-1;4;5;-1;6
C;Renato Sanches;Roma;4;13;-9;4;13;-9;14
C;Fagioli;Juventus;4;13;-9;4;13;-9;10
C;Akpa Akpro;Monza;4;3;1;4;3;1;17
C;Zalewski;Roma;4;8;-4;4;9;-5;18
C;Miretti;Juventus;4;5;-1;4;5;-1;23
C;Ciurria;Monza;4;14;-10;4;15;-11;20
C;Makoumbou;Cagliari;4;5;-1;4;6;-2;22
C;Gelli;Frosinone;4;1;3;4;1;3;20
C;Cajuste;Napoli;4;7;-3;4;8;-4;17
C;Legowski;Salernitana;4;1;3;4;1;3;13
C;Ibrahimovic A.;Frosinone;4;1;3;4;1;3;15
C;Dani Silva;Verona;4;3;1;4;3;1;5
C;Sensi;Inter;3;7;-4;3;7;-4;10
C;Klaassen;Inter;3;9;-6;3;9;-6;18
C;Lopez M.;Fiorentina;3;8;-5;3;9;-6;17
C;Bohinen;Genoa;3;4;-1;3;4;-1;10
C;Vignato S.;Monza;3;1;2;3;1;2;10
C;Lindstrom;Napoli;3;15;-12;3;15;-12;20
C;Gineitis;Torino;3;1;2;3;1;2;4
C;Lipani;Sassuolo;3;1;2;3;1;2;5
C;Kaba;Lecce;3;5;-2;3;6;-3;18
C;Martegani;Salernitana;3;4;-1;3;3;0;18
C;Baez;Frosinone;2;3;-1;2;3;-1;14
C;Dendoncker;Napoli;2;6;-4;2;6;-4;14
C;Nicolussi Caviglia;Juventus;2;2;0;2;2;0;10
C;Obiang;Sassuolo;2;3;-1;2;3;-1;3
C;Adopo;Atalanta;2;2;0;2;2;0;4
C;Basic;Salernitana;2;4;-2;2;4;-2;23
C;Belahyane;Verona;2;1;1;2;1;1;1
C;Infantino;Fiorentina;2;5;-3;2;6;-4;9
C;Pagano;Roma;2;1;1;2;1;1;1
C;Gomis I.;Salernitana;2;3;-1;2;3;-1;5
C;Gomez;Monza;1;12;-11;1;11;-10;10
C;Mancosu;Cagliari;1;7;-6;2;6;-4;15
C;Pogba;Juventus;1;12;-11;1;12;-11;10
C;Machin;Monza;1;5;-4;2;4;-2;6
C;Garritano;Frosinone;1;3;-2;1;3;-2;11
C;Castillejo;Sassuolo;1;5;-4;1;4;-3;22
C;Demme;Napoli;1;1;0;1;1;0;8
C;Pobega;Milan;1;5;-4;1;4;-3;11
C;Pisilli;Roma;1;1;0;1;1;0;1
C;Belardinelli;Empoli;1;2;-1;1;2;-1;3
C;Joselito;Verona;1;1;0;1;1;0;1
C;Nonge;Juventus;1;1;0;1;1;0;1
C;Popovic;Monza;1;1;0;1;1;0;5
A;Martinez L.;Inter;41;37;4;41;37;4;450
A;Dybala;Roma;35;30;5;35;30;5;330
A;Scamacca;Atalanta;32;25;7;32;25;7;330
A;Giroud;Milan;31;24;7;31;24;7;320
A;Osimhen;Napoli;31;43;-12;31;43;-12;340
A;Thuram;Inter;31;23;8;31;23;8;320
A;Lookman;Atalanta;29;26;3;29;26;3;250
A;Vlahovic;Juventus;27;28;-1;27;28;-1;350
A;Rafael Leao;Milan;27;31;-4;27;31;-4;200
A;Zapata D.;Torino;26;19;7;26;19;7;210
A;Gonzalez N.;Fiorentina;26;15;11;26;15;11;125
A;Zirkzee;Bologna;26;11;15;25;10;15;230
A;Chiesa;Juventus;25;17;8;25;17;8;100
A;Kvaratskhelia;Napoli;25;31;-6;25;31;-6;190
A;Berardi;Sassuolo;24;30;-6;24;30;-6;50
A;Soule';Frosinone;24;4;20;24;5;19;85
A;Lukaku;Roma;23;31;-8;23;31;-8;260
A;Okafor;Milan;21;16;5;21;15;6;35
A;Retegui;Genoa;20;23;-3;20;23;-3;65
A;Belotti;Fiorentina;19;9;10;20;8;12;60
A;Pinamonti;Sassuolo;19;13;6;19;12;7;110
A;Ngonge;Napoli;19;12;7;19;12;7;23
A;Lucca;Udinese;19;6;13;19;5;14;80
A;Luvumbo;Cagliari;18;8;10;18;8;10;41
A;Djuric;Monza;18;9;9;18;8;10;55
A;Beltran L.;Fiorentina;18;16;2;18;16;2;60
A;Cheddira;Frosinone;18;11;7;18;11;7;42
A;Immobile;Lazio;16;32;-16;16;32;-16;150
A;Thauvin;Udinese;16;11;5;16;11;5;41
A;Sanchez;Inter;16;15;1;16;15;1;21
A;Arnautovic;Inter;16;23;-7;16;23;-7;35
A;Lauriente';Sassuolo;15;21;-6;15;21;-6;40
A;Piccoli;Lecce;14;7;7;14;6;8;22
A;Raspadori;Napoli;14;10;4;14;10;4;25
A;Ekuban;Genoa;14;1;13;14;1;13;21
A;Azmoun;Roma;14;13;1;13;12;1;27
A;Noslin;Verona;14;4;10;14;5;9;55
A;Niang;Empoli;13;6;7;13;6;7;55
A;Jovic;Milan;13;14;-1;12;13;-1;28
A;Cambiaghi;Empoli;13;12;1;13;12;1;27
A;Dia;Salernitana;13;26;-13;13;26;-13;10
A;Mota;Monza;13;11;2;13;11;2;33
A;Vitinha O.;Genoa;13;14;-1;13;14;-1;20
A;Castellanos;Lazio;13;13;0;14;12;2;50
A;Sanabria;Torino;12;24;-12;12;24;-12;50
A;Milik;Juventus;12;18;-6;12;17;-5;30
A;Shomurodov;Cagliari;12;13;-1;12;13;-1;22
A;Cancellieri;Empoli;12;5;7;12;5;7;25
A;Toure' E.;Atalanta;12;16;-4;12;15;-3;30
A;Isaksen;Lazio;12;12;0;12;12;0;25
A;Yildiz;Juventus;12;1;11;12;1;11;30
A;Krstovic;Lecce;12;11;1;12;11;1;47
A;Kouame';Fiorentina;11;9;2;11;9;2;13
A;Almqvist;Lecce;11;10;1;11;10;1;20
A;Sansone;Lecce;10;7;3;10;7;3;18
A;Lapadula;Cagliari;10;15;-5;10;15;-5;27
A;Colombo;Monza;10;10;0;10;9;1;15
A;Banda;Lecce;10;8;2;10;8;2;20
A;Swiderski;Verona;10;8;2;10;8;2;26
A;Pavoletti;Cagliari;9;4;5;9;3;6;23
A;Defrel;Sassuolo;9;9;0;9;9;0;10
A;Bonazzoli;Verona;8;7;1;8;7;1;26
A;Simy;Salernitana;8;1;7;8;1;7;18
A;Abraham;Roma;8;15;-7;8;15;-7;45
A;Odgaard;Bologna;8;4;4;8;4;4;22
A;Nzola;Fiorentina;8;23;-15;8;23;-15;15
A;Cerri;Empoli;7;7;0;7;7;0;13
A;Pedro;Lazio;7;12;-5;7;12;-5;21
A;Caputo;Empoli;7;15;-8;7;15;-8;20
A;Kaio Jorge;Frosinone;7;1;6;7;1;6;21
A;Davis K.;Udinese;7;10;-3;7;10;-3;20
A;Pellegri;Torino;5;8;-3;5;7;-2;14
A;Okereke;Torino;5;8;-3;5;8;-3;24
A;Henry;Verona;5;12;-7;5;11;-6;15
A;Pierotti;Lecce;5;2;3;5;2;3;7
A;Castro S.;Bologna;5;4;1;5;4;1;9
A;Weissman;Salernitana;5;4;1;5;4;1;19
A;Petagna;Cagliari;4;13;-9;4;13;-9;15
A;Kean;Juventus;4;11;-7;4;10;-6;15
A;Success;Udinese;4;7;-3;4;7;-3;13
A;Cuni;Frosinone;4;4;0;4;3;1;10
A;Ikwuemesi;Salernitana;4;1;3;4;1;3;14
A;Simeone;Napoli;3;13;-10;3;12;-9;18
A;Seck;Frosinone;3;3;0;3;3;0;16
A;Brenner;Udinese;3;11;-8;3;10;-7;15
A;Destro;Empoli;2;1;1;2;1;1;4
A;Caprari;Monza;2;14;-12;2;14;-12;15
A;Caso;Frosinone;2;6;-4;2;6;-4;9
A;Mulattieri;Sassuolo;2;11;-9;2;10;-8;10
A;Shpendi S.;Empoli;2;1;1;2;1;1;8
A;Karlsson;Bologna;2;11;-9;2;11;-9;12
A;Tavsan;Verona;2;3;-1;2;3;-1;10
A;Deulofeu;Udinese;1;14;-13;1;14;-13;12
A;Ceide;Sassuolo;1;1;0;1;1;0;5
A;Kvernadze;Frosinone;1;3;-2;1;3;-2;6
A;Bidaoui;Frosinone;1;1;0;1;1;0;1
A;Burnete;Lecce;1;1;0;1;1;0;2
A;Corfitzen;Lecce;1;1;0;1;1;0;1
A;Cruz;Verona;1;3;-2;1;3;-2;8
A;Camarda;Milan;1;1;0;1;1;0;1
A;Ghedjemis;Frosinone;1;1;0;1;1;0;12
A;Ankeye;Genoa;1;2;-1;1;2;-1;5
A;Kabic;Torino;1;1;0;1;1;0;1
P;Meret;Napoli;17;14;3;17;14;3;71
P;Provedel;Lazio;17;7;10;17;7;10;78
P;Maignan;Milan;16;18;-2;16;18;-2;62
P;Vicario;Empoli;15;9;6;15;9;6;27
P;Szczesny;Juventus;14;16;-2;14;16;-2;53
P;Skorupski;Bologna;13;11;2;13;11;2;32
P;Falcone;Lecce;13;5;8;13;5;8;32
P;Silvestri;Udinese;13;10;3;13;10;3;29
P;Rui Patricio;Roma;13;14;-1;13;14;-1;42
P;Di Gregorio;Monza;13;1;12;13;1;12;40
P;Milinkovic-Savic V.;Torino;12;1;11;12;1;11;32
P;Onana;Inter;12;1;11;12;1;11;42
P;Sportiello;Atalanta;10;1;9;10;1;9;23
P;Dragowski;Spezia;10;7;3;10;7;3;24
P;Terracciano;Fiorentina;10;1;9;10;1;9;38
P;Carnesecchi;Cremonese;10;1;9;10;1;9;13
P;Montipo';Verona;10;11;-1;10;11;-1;19
P;Ochoa;Salernitana;10;2;8;10;2;8;36
P;Perin;Juventus;9;1;8;9;1;8;4
P;Cerofolini;Fiorentina;9;1;8;9;1;8;1
P;Musso;Atalanta;9;13;-4;9;13;-4;5
P;Sepe;Salernitana;8;8;0;8;8;0;1
P;Handanovic;Inter;8;16;-8;8;16;-8;4
P;Consigli;Sassuolo;7;11;-4;7;11;-4;24
P;Audero;Sampdoria;7;10;-3;7;10;-3;5
P;Gollini;Napoli;6;12;-6;6;12;-6;8
P;Perisan;Empoli;6;1;5;6;1;5;1
P;Tatarusanu;Milan;5;1;4;5;1;4;1
P;Cordaz;Inter;4;1;3;4;1;3;1
P;Zoet;Spezia;4;1;3;4;1;3;1
P;Svilar;Roma;4;1;3;4;1;3;1
P;Sarr M.;Cremonese;2;1;1;2;1;1;1
P;Pegolo;Sassuolo;2;1;1;2;1;1;1
P;Ravaglia;Sampdoria;2;1;1;2;1;1;3
P;Turk;Sampdoria;2;1;1;2;1;1;1
P;Mirante;Milan;1;1;0;1;1;0;1
P;Lamanna;Monza;1;1;0;1;1;0;1
P;Ujkani;Empoli;1;1;0;1;1;0;1
P;Berisha;Torino;1;11;-10;1;11;-10;1
P;Marchetti;Spezia;1;1;0;1;1;0;1
P;Perilli;Verona;1;1;0;1;1;0;1
P;Padelli;Udinese;1;1;0;1;1;0;1
P;Bardi;Bologna;1;1;0;1;1;0;1
P;Pinsoglio;Juventus;1;1;0;1;1;0;1
P;Fiorillo;Salernitana;1;1;0;1;1;0;1
P;Cragno;Monza;1;11;-10;1;11;-10;1
P;Sirigu;Fiorentina;1;1;0;1;1;0;1
P;Rossi F.;Atalanta;1;1;0;1;1;0;1
P;Ravaglia F.;Bologna;1;1;0;1;1;0;1
P;Brancolini;Lecce;1;1;0;1;1;0;1
P;Bleve;Lecce;1;1;0;1;1;0;1
P;Berardi A.;Verona;1;1;0;1;1;0;1
P;Russo A.;Sassuolo;1;1;0;1;1;0;1
P;Gemello;Torino;1;1;0;1;1;0;1
P;Boer;Roma;1;1;0;1;1;0;1
P;Adamonis;Lazio;1;1;0;1;1;0;1
P;Marfella;Napoli;1;1;0;1;1;0;1
P;Zovko;Spezia;1;1;0;1;1;0;1
P;Piana;Udinese;1;1;0;1;1;0;1
P;Bagnolini;Bologna;1;1;0;1;1;0;1
P;Luis Maximiano;Lazio;1;12;-11;1;12;-11;1
P;Sorrentino A.;Monza;1;1;0;1;1;0;1
P;Ciezkowski;Cremonese;1;1;0;1;1;0;1
P;Saro;Cremonese;1;1;0;1;1;0;1
P;Vasquez D.;Milan;1;1;0;1;1;0;1
P;Martinelli T.;Fiorentina;1;1;0;1;1;0;1
D;Carlos Augusto;Monza;19;8;11;19;8;11;58
D;Dimarco;Inter;18;8;10;18;9;9;53
D;Posch;Bologna;18;8;10;18;9;9;56
D;Di Lorenzo;Napoli;17;15;2;17;15;2;67
D;Zappacosta;Atalanta;16;11;5;16;10;6;24
D;Danilo;Juventus;16;12;4;15;14;1;40
D;Smalling;Roma;16;14;2;16;14;2;42
D;Kim;Napoli;15;13;2;15;13;2;49
D;Romagnoli;Lazio;14;11;3;14;11;3;32
D;Hernandez T.;Milan;14;20;-6;14;22;-8;59
D;Udogie;Udinese;14;13;1;14;13;1;42
D;Ebuehi;Empoli;14;3;11;14;3;11;12
D;Mazzocchi;Salernitana;14;7;7;14;7;7;28
D;Valeri;Cremonese;14;5;9;14;5;9;16
D;Rrahmani;Napoli;13;14;-1;13;14;-1;44
D;Zanoli;Sampdoria;13;3;10;13;3;10;20
D;Doig;Verona;13;6;7;13;6;7;24
D;Gosens;Inter;12;19;-7;12;18;-6;20
D;Buongiorno;Torino;12;4;8;12;5;7;36
D;Bremer;Juventus;12;18;-6;12;18;-6;55
D;Baschirotto;Lecce;12;2;10;12;2;10;34
D;Schuurs;Torino;12;9;3;12;9;3;51
D;Spinazzola;Roma;11;12;-1;11;13;-2;25
D;Mancini;Roma;11;10;1;11;10;1;29
D;Tomori;Milan;11;15;-4;11;15;-4;43
D;Parisi;Empoli;11;8;3;11;8;3;27
D;Olivera;Napoli;11;7;4;11;7;4;22
D;Hysaj;Lazio;10;6;4;10;6;4;20
D;Biraghi;Fiorentina;10;13;-3;10;13;-3;33
D;Luperto;Empoli;10;5;5;10;6;4;22
D;Toloi;Atalanta;10;8;2;10;8;2;12
D;Bastoni;Inter;10;15;-5;10;15;-5;32
D;Depaoli;Verona;10;4;6;10;4;6;10
D;Darmian;Inter;10;9;1;11;8;3;18
D;Augello;Sampdoria;10;7;3;10;7;3;17
D;Bastoni S.;Spezia;10;12;-2;10;13;-3;14
D;Maehle;Atalanta;10;8;2;10;7;3;18
D;Casale;Lazio;10;9;1;10;10;0;27
D;Dumfries;Inter;10;20;-10;10;19;-9;14
D;Scalvini;Atalanta;10;6;4;10;6;4;23
D;Perez N.;Udinese;10;8;2;10;8;2;15
D;Bijol;Udinese;10;5;5;10;5;5;33
D;Mario Rui;Napoli;9;9;0;9;9;0;27
D;Acerbi;Inter;9;8;1;9;8;1;22
D;Faraoni;Verona;9;13;-4;9;13;-4;21
D;Milenkovic;Fiorentina;9;11;-2;9;12;-3;16
D;Rodriguez R.;Torino;9;7;2;9;8;1;22
D;Reca;Spezia;9;5;4;9;5;4;14
D;Kyriakopoulos;Bologna;9;6;3;9;6;3;12
D;Singo;Torino;9;14;-5;9;13;-4;20
D;Mari';Monza;9;11;-2;9;11;-2;18
D;Cambiaso;Bologna;9;9;0;9;10;-1;12
D;Dodo';Fiorentina;9;14;-5;9;14;-5;32
D;Masina;Udinese;8;6;2;8;7;1;6
D;Izzo;Monza;8;3;5;8;3;5;21
D;Calabria;Milan;8;13;-5;8;13;-5;38
D;Skriniar;Inter;8;17;-9;8;16;-8;5
D;Sernicola;Cremonese;8;3;5;8;4;4;12
D;Terzic;Fiorentina;8;2;6;8;2;6;7
D;Rodrigo Becao;Udinese;8;10;-2;8;10;-2;24
D;Pirola;Salernitana;8;4;4;8;4;4;12
D;Caldirola;Monza;8;4;4;8;4;4;8
D;Juan Jesus;Napoli;7;7;0;7;7;0;8
D;Bonucci;Juventus;7;15;-8;7;15;-8;10
D;De Vrij;Inter;7;10;-3;7;10;-3;12
D;Djimsiti;Atalanta;7;7;0;7;7;0;12
D;Marusic;Lazio;7;7;0;8;8;0;18
D;Djidji;Torino;7;5;2;7;6;1;8
D;Ibanez;Roma;7;9;-2;7;9;-2;12
D;Kalulu;Milan;7;14;-7;7;15;-8;18
D;Vojvoda;Torino;7;9;-2;7;9;-2;9
D;Llorente D.;Roma;7;8;-1;7;8;-1;10
D;Martinez Quarta;Fiorentina;7;4;3;7;4;3;13
D;Gendrey;Lecce;7;4;3;7;4;3;10
D;Hien;Verona;7;6;1;7;6;1;18
D;Patric;Lazio;6;5;1;6;5;1;8
D;Gyomber;Salernitana;6;4;2;6;4;2;14
D;Rogerio;Sassuolo;6;5;1;6;5;1;15
D;Umtiti;Lecce;6;7;-1;6;7;-1;21
D;Troost-Ekong;Salernitana;6;5;1;6;5;1;12
D;Nikolaou;Spezia;6;4;2;6;4;2;8
D;Demiral;Atalanta;6;13;-7;6;13;-7;8
D;Lazaro;Torino;6;7;-1;6;6;0;6
D;Zortea;Sassuolo;6;2;4;6;3;3;7
D;Ampadu;Spezia;6;6;0;6;6;0;18
D;Vasquez;Cremonese;6;6;0;6;6;0;8
D;Bradaric;Salernitana;6;7;-1;6;7;-1;17
D;Lochoshvili;Cremonese;6;3;3;6;3;3;8
D;Ehizibue;Udinese;6;4;2;6;4;2;12
D;Thiaw;Milan;6;6;0;6;6;0;16
D;D'ambrosio;Inter;5;8;-3;5;9;-4;11
D;Medel;Bologna;5;7;-2;5;7;-2;6
D;De Silvestri;Bologna;5;9;-4;5;9;-4;2
D;Ceccherini;Verona;5;6;-1;5;6;-1;13
D;Ferrari G.;Sassuolo;5;8;-3;5;8;-3;11
D;Lykogiannis;Bologna;5;4;1;5;4;1;8
D;Aina;Torino;5;5;0;5;5;0;9
D;Ranieri L.;Fiorentina;5;1;4;5;1;4;1
D;Toljan;Sassuolo;5;5;0;5;5;0;12
D;Gallo;Lecce;5;2;3;5;2;3;8
D;Bellanova;Inter;5;8;-3;5;7;-2;2
D;Soumaoro;Bologna;5;5;0;5;5;0;12
D;Ismajli;Empoli;5;3;2;5;3;2;9
D;Ballo-Toure';Milan;5;2;3;5;2;3;3
D;Amione;Sampdoria;5;2;3;5;3;2;9
D;Holm;Spezia;5;2;3;6;3;3;8
D;Gatti;Juventus;5;5;0;5;5;0;16
D;Birindelli;Monza;5;3;2;5;4;1;7
D;Ebosele;Udinese;5;2;3;5;2;3;4
D;Sambia;Salernitana;5;7;-2;5;7;-2;8
D;Lucumi';Bologna;5;9;-4;5;10;-5;17
D;Ferrari A.;Cremonese;4;5;-1;4;5;-1;5
D;Chiriches;Cremonese;4;5;-1;4;5;-1;8
D;Palomino;Atalanta;4;10;-6;4;10;-6;10
D;Bonifazi;Bologna;4;4;0;4;4;0;4
D;Lazzari;Lazio;4;10;-6;4;10;-6;12
D;Nuytinck;Sampdoria;4;7;-3;4;7;-3;11
D;Gunter;Sampdoria;4;5;-1;4;5;-1;8
D;Magnani;Verona;4;3;1;4;3;1;8
D;Zeegelaar;Udinese;4;2;2;4;2;2;4
D;Igor;Fiorentina;4;9;-5;4;10;-6;15
D;Dawidowicz;Verona;4;4;0;4;4;0;8
D;Celik;Roma;4;7;-3;4;7;-3;6
D;Stojanovic;Empoli;4;7;-3;4;7;-3;4
D;Amian;Spezia;4;6;-2;4;6;-2;9
D;Daniliuc;Salernitana;4;7;-3;4;8;-4;12
D;Aiwu;Cremonese;4;5;-1;4;5;-1;4
D;Wisniewski;Spezia;4;3;1;4;3;1;8
D;Ghiglione;Cremonese;3;5;-2;3;5;-2;7
D;Rugani;Juventus;3;5;-2;3;5;-2;5
D;De Sciglio;Juventus;3;6;-3;3;7;-4;10
D;Bianchetti;Cremonese;3;4;-1;3;4;-1;7
D;Alex Sandro;Juventus;3;8;-5;3;8;-5;13
D;Murru;Sampdoria;3;5;-2;3;5;-2;4
D;Bereszynski;Napoli;3;6;-3;3;6;-3;3
D;Hateboer;Atalanta;3;9;-6;3;8;-5;1
D;Venuti;Fiorentina;3;3;0;3;3;0;4
D;Gravillon;Torino;3;5;-2;3;5;-2;12
D;Marlon;Monza;3;7;-4;3;7;-4;9
D;Kjaer;Milan;3;5;-2;3;5;-2;23
D;Pellegrini Lu.;Lazio;3;7;-4;3;7;-4;7
D;Walukiewicz;Empoli;3;4;-1;3;4;-1;2
D;Okoli;Atalanta;3;5;-2;3;5;-2;2
D;Lovato;Salernitana;3;6;-3;3;6;-3;5
D;Erlic;Sassuolo;3;9;-6;3;9;-6;14
D;Ceccaroni;Lecce;3;5;-2;3;5;-2;4
D;Coppola D.;Verona;3;2;1;3;2;1;8
D;Cacace;Empoli;3;3;0;3;3;0;3
D;Quagliata;Cremonese;3;3;0;3;3;0;3
D;Abankwah;Udinese;3;1;2;3;1;2;1
D;Guessand A.;Udinese;3;1;2;3;1;2;1
D;Cabal;Verona;3;3;0;3;3;0;2
D;Oikonomou;Sampdoria;2;2;0;2;2;0;2
D;Dermaku;Lecce;2;4;-2;2;4;-2;2
D;Tonelli;Empoli;2;1;1;2;1;1;1
D;Murillo;Sampdoria;2;3;-1;2;3;-1;4
D;Pezzella Giu.;Lecce;2;6;-4;2;6;-4;5
D;Fazio;Salernitana;2;6;-4;2;6;-4;5
D;Karsdorp;Roma;2;10;-8;2;10;-8;3
D;Marchizza;Sassuolo;2;2;0;2;2;0;4
D;Romagna;Sassuolo;2;1;1;2;1;1;1
D;Donati;Monza;2;4;-2;2;4;-2;5
D;Gabbia;Milan;2;1;1;2;1;1;2
D;Tuia;Lecce;2;3;-1;2;3;-1;4
D;Ferrer;Spezia;2;3;-1;1;4;-3;3
D;Dest;Milan;2;5;-3;1;6;-5;5
D;Ruggeri;Atalanta;2;1;1;2;1;1;8
D;Antov;Monza;2;1;1;2;1;1;1
D;Pongracic;Lecce;2;6;-4;2;6;-4;3
D;Soppy;Atalanta;2;7;-5;2;7;-5;4
D;Ruan;Sassuolo;2;3;-1;2;3;-1;12
D;Ostigard;Napoli;2;7;-5;2;7;-5;6
D;Gila;Lazio;2;4;-2;2;4;-2;2
D;Bayeye;Torino;2;1;1;2;1;1;1
D;Barbieri;Juventus;2;1;1;2;1;1;1
D;Bronn;Salernitana;2;5;-3;2;5;-3;6
D;Conti;Sampdoria;1;3;-2;1;3;-2;1
D;Romagnoli S.;Lecce;1;3;-2;1;3;-2;4
D;Marrone;Monza;1;4;-3;1;4;-3;1
D;Radu;Lazio;1;2;-1;1;2;-1;1
D;Florenzi;Milan;1;7;-6;1;7;-6;2
D;Sala;Spezia;1;5;-4;1;6;-5;3
D;Fares;Lazio;1;2;-1;1;2;-1;1
D;Caldara;Spezia;1;6;-5;1;6;-5;8
D;Cassandro;Lecce;1;1;0;1;1;0;1
D;Kumbulla;Roma;1;4;-3;1;4;-3;4
D;Muldur;Sassuolo;1;5;-4;1;5;-4;2
D;Adopo;Torino;1;1;0;1;1;0;4
D;Amey;Bologna;1;1;0;1;1;0;1
D;Zima;Torino;1;5;-4;1;5;-4;4
D;De Winter;Empoli;1;4;-3;1;5;-4;8
D;Zanotti;Inter;1;1;0;1;1;0;1
D;Buta;Udinese;1;1;0;1;1;0;1
D;Ebosse;Udinese;1;4;-3;1;4;-3;1
D;Sosa;Bologna;1;2;-1;1;2;-1;1
D;Guarino;Empoli;1;1;0;1;1;0;1
D;Moutinho J.;Spezia;1;2;-1;1;2;-1;3
D;Zeefuik;Verona;1;4;-3;1;4;-3;2
D;Carboni F.;Monza;1;1;0;1;1;0;1
C;Kvaratskhelia;Napoli;33;18;15;33;18;15;238
C;Zaccagni;Lazio;28;20;8;28;20;8;180
C;Milinkovic-Savic;Lazio;25;29;-4;25;29;-4;193
C;Felipe Anderson;Lazio;23;19;4;23;19;4;96
C;El Shaarawy;Roma;23;9;14;23;9;14;44
C;Rabiot;Juventus;23;7;16;23;7;16;78
C;Luis Alberto;Lazio;22;18;4;22;17;5;88
C;Orsolini;Bologna;22;15;7;22;15;7;92
C;Strefezza;Lecce;22;13;9;22;13;9;78
C;Koopmeiners;Atalanta;22;15;7;22;15;7;70
C;Barella;Inter;21;20;1;21;19;2;73
C;Vlasic;Torino;21;15;6;21;15;6;68
C;Zielinski;Napoli;20;19;1;20;19;1;61
C;Pereyra;Udinese;20;18;2;20;18;2;64
C;Candreva;Salernitana;20;17;3;20;17;3;62
C;Frattesi;Sassuolo;20;16;4;20;16;4;68
C;Diaz B.;Milan;20;11;9;20;11;9;54
C;Miranchuk;Torino;20;8;12;20;8;12;42
C;Ferguson;Bologna;20;5;15;20;5;15;54
C;Ciurria;Monza;20;3;17;20;3;17;34
C;Lazovic;Verona;19;13;6;19;13;6;41
C;Calhanoglu;Inter;19;19;0;19;18;1;61
C;Elmas;Napoli;19;11;8;19;11;8;38
C;Lovric;Udinese;19;6;13;19;6;13;58
C;Zambo Anguissa;Napoli;18;11;7;18;12;6;40
C;Samardzic;Udinese;18;8;10;18;8;10;22
C;Baldanzi;Empoli;17;1;16;17;1;16;37
C;Bonaventura;Fiorentina;16;14;2;16;16;0;41
C;Pessina;Monza;16;13;3;16;13;3;43
C;Tonali;Milan;16;16;0;16;16;0;50
C;Kostic;Juventus;16;15;1;17;18;-1;64
C;Brozovic;Inter;15;15;0;15;15;0;27
C;Verdi;Verona;15;13;2;15;13;2;22
C;Chiesa;Juventus;15;25;-10;15;25;-10;35
C;Lobotka;Napoli;15;11;4;15;12;3;50
C;Fagioli;Juventus;15;3;12;15;3;12;29
C;Messias;Milan;14;14;0;14;14;0;20
C;Colpani;Monza;14;4;10;14;4;10;12
C;Pellegrini Lo.;Roma;13;27;-14;13;26;-13;64
C;Politano;Napoli;13;15;-2;13;15;-2;28
C;Pasalic;Atalanta;13;22;-9;13;21;-8;40
C;Matic;Roma;13;7;6;13;7;6;21
C;Mkhitaryan;Inter;13;16;-3;13;16;-3;33
C;Wijnaldum;Roma;13;17;-4;13;17;-4;47
C;Bennacer;Milan;13;10;3;13;10;3;28
C;Ikone';Fiorentina;13;14;-1;13;14;-1;30
C;Dominguez;Bologna;13;8;5;13;9;4;33
C;Radonjic;Torino;13;7;6;13;7;6;21
C;Moro N.;Bologna;13;5;8;12;6;6;13
C;De Roon;Atalanta;12;7;5;12;7;5;22
C;Saponara;Fiorentina;12;11;1;12;11;1;17
C;Pogba;Juventus;12;24;-12;12;24;-12;10
C;Ilic;Torino;12;13;-1;12;13;-1;28
C;Ricci S.;Torino;12;7;5;12;7;5;37
C;Coulibaly L.;Salernitana;12;6;6;12;6;6;18
C;Matheus Henrique;Sassuolo;12;6;6;12;7;5;20
C;Mandragora;Fiorentina;11;9;2;11;9;2;22
C;Sensi;Monza;11;12;-1;11;12;-1;14
C;Barak;Fiorentina;11;22;-11;10;21;-11;21
C;Oudin;Lecce;11;5;6;11;5;6;14
C;Locatelli;Juventus;10;14;-4;10;14;-4;29
C;Kastanos;Salernitana;10;5;5;10;5;5;11
C;Castrovilli;Fiorentina;10;9;1;10;9;1;25
C;Rovella;Monza;10;3;7;10;3;7;16
C;Saelemaekers;Milan;10;8;2;10;8;2;20
C;Marin;Empoli;10;7;3;10;8;2;13
C;Zalewski;Roma;10;7;3;10;7;3;16
C;Bajrami;Sassuolo;10;18;-8;10;17;-7;16
C;Ederson D.s.;Atalanta;10;13;-3;10;13;-3;21
C;Hjulmand;Lecce;10;6;4;10;7;3;22
C;De Ketelaere;Milan;10;21;-11;10;20;-10;12
C;Vilhena;Salernitana;10;8;2;10;9;1;21
C;Iling Junior;Juventus;10;1;9;10;1;9;3
C;Vecino;Lazio;9;6;3;9;7;2;10
C;Bourabia;Spezia;9;4;5;9;4;5;12
C;Maldini;Spezia;9;2;7;9;2;7;2
C;Bove;Roma;9;1;8;9;1;8;5
C;Thorstvedt;Sassuolo;9;9;0;9;9;0;8
C;Cristante;Roma;8;9;-1;8;9;-1;20
C;Bandinelli;Empoli;8;6;2;8;5;3;10
C;Walace;Udinese;8;7;1;8;7;1;12
C;Soriano;Bologna;8;12;-4;8;12;-4;3
C;Schouten;Bologna;8;8;0;8;9;-1;14
C;Agudelo;Spezia;8;9;-1;7;8;-1;13
C;Akpa Akpro;Empoli;8;2;6;7;3;4;9
C;Harroui;Sassuolo;8;2;6;8;2;6;10
C;Blin;Lecce;8;2;6;8;2;6;10
C;Cataldi;Lazio;7;8;-1;7;8;-1;12
C;Duncan;Fiorentina;7;7;0;7;7;0;7
C;Cuadrado;Juventus;7;15;-8;7;15;-8;22
C;Linetty;Torino;7;5;2;7;4;3;11
C;Sottil;Fiorentina;7;8;-1;7;8;-1;10
C;Gyasi;Spezia;7;10;-3;7;10;-3;10
C;Arslan;Udinese;7;6;1;7;6;1;8
C;Galdames;Cremonese;7;3;4;7;3;4;8
C;Miretti;Juventus;7;2;5;7;2;5;8
C;Castagnetti;Cremonese;7;4;3;7;5;2;5
C;Gonzalez J.;Lecce;7;2;5;7;2;5;8
C;Grassi;Empoli;6;6;0;6;7;-1;3
C;Krunic;Milan;6;7;-1;6;6;0;13
C;Haas;Empoli;6;3;3;6;3;3;6
C;Leris;Sampdoria;6;3;3;6;3;3;9
C;Ekdal;Spezia;6;7;-1;6;7;-1;12
C;Meite';Cremonese;6;7;-1;6;8;-2;7
C;Duda;Verona;6;9;-3;6;8;-2;13
C;Gaetano;Napoli;6;4;2;6;4;2;5
C;Esposito Sa.;Spezia;6;5;1;6;6;0;12
C;Lopez M.;Sassuolo;6;9;-3;6;10;-4;23
C;Tameze;Verona;6;14;-8;6;14;-8;12
C;Pobega;Milan;6;9;-3;6;9;-3;10
C;Aebischer;Bologna;6;4;2;6;3;3;7
C;Bohinen;Salernitana;6;7;-1;6;7;-1;8
C;Terracciano F.;Verona;6;1;5;6;1;5;3
C;Marcos Antonio;Lazio;6;10;-4;6;11;-5;8
C;Ranocchia F.;Monza;6;2;4;6;2;4;6
C;Paredes;Juventus;5;13;-8;5;15;-10;8
C;Benassi;Cremonese;5;3;2;5;3;2;7
C;Machin;Monza;5;4;1;5;4;1;8
C;Vignato;Empoli;5;3;2;5;3;2;5
C;Winks;Sampdoria;5;6;-1;5;7;-2;8
C;Amrabat;Fiorentina;5;8;-3;5;8;-3;14
C;Maleh;Lecce;5;3;2;5;3;2;8
C;Basic;Lazio;5;5;0;5;4;1;6
C;Volpato;Roma;5;1;4;5;1;4;1
C;Vignato S.;Monza;5;1;4;5;1;4;1
C;Fazzini;Empoli;5;1;4;5;1;4;8
C;Rincon;Sampdoria;4;6;-2;4;6;-2;6
C;Djuricic;Sampdoria;4;13;-9;4;13;-9;10
C;Ndombele';Napoli;4;11;-7;4;11;-7;14
C;Nicolussi Caviglia;Salernitana;4;3;1;4;3;1;6
C;Henderson L.;Empoli;4;8;-4;4;8;-4;6
C;Cuisance;Sampdoria;4;4;0;4;4;0;6
C;Ceide;Sassuolo;4;2;2;4;2;2;2
C;Pickel;Cremonese;4;4;0;4;4;0;7
C;Tahirovic;Roma;4;1;3;4;1;3;3
C;Miguel Veloso;Verona;3;6;-3;3;6;-3;7
C;Zurkowski;Spezia;3;8;-5;3;8;-5;8
C;Obiang;Sassuolo;3;2;1;3;2;1;10
C;Askildsen;Lecce;3;3;0;3;3;0;4
C;Kovalenko;Spezia;3;7;-4;3;7;-4;5
C;Crnigoj;Salernitana;3;5;-2;3;5;-2;6
C;Pyyhtia;Bologna;3;1;2;3;1;2;1
C;Sulemana I.;Verona;3;1;2;3;1;2;4
C;Camara Ma.;Roma;3;7;-4;3;8;-5;3
C;Abildgaard;Verona;3;3;0;3;3;0;4
C;Gagliardini;Inter;2;8;-6;2;8;-6;4
C;Valoti;Monza;2;5;-3;2;5;-3;6
C;Bakayoko;Milan;2;2;0;2;2;0;2
C;Maggiore;Salernitana;2;10;-8;2;10;-8;8
C;Asllani;Inter;2;8;-6;2;8;-6;4
C;Sabiri;Sampdoria;2;15;-13;2;15;-13;4
C;Zerbin;Napoli;2;1;1;2;1;1;3
C;Ilkhan;Sampdoria;2;3;-1;2;3;-1;3
C;Paoletti;Sampdoria;2;1;1;2;1;1;1
C;Cipot;Spezia;2;1;1;2;1;1;2
C;Malagrida;Sampdoria;2;1;1;2;1;1;1
C;D'alessandro;Monza;1;1;0;1;2;-1;1
C;Barberis;Monza;1;7;-6;1;7;-6;1
C;Vieira;Torino;1;4;-3;1;4;-3;4
C;Demme;Napoli;1;4;-3;1;4;-3;2
C;Darboe;Roma;1;1;0;1;1;0;1
C;Urbanski;Bologna;1;1;0;1;1;0;1
C;Bertini;Lazio;1;1;0;1;1;0;1
C;Romero L.;Lazio;1;2;-1;1;2;-1;4
C;Bianco;Fiorentina;1;1;0;1;1;0;1
C;Yepes;Sampdoria;1;3;-2;1;3;-2;1
C;Vranckx;Milan;1;6;-5;1;7;-6;3
C;Pafundi;Udinese;1;1;0;1;1;0;1
C;Helgason;Lecce;1;1;0;1;1;0;1
C;Adli;Milan;1;7;-6;1;6;-5;3
C;Hrustic;Verona;1;4;-3;1;3;-2;1
C;Samek;Lecce;1;1;0;1;1;0;1
C;Degli Innocenti;Empoli;1;1;0;1;1;0;1
C;Acella;Cremonese;1;1;0;1;1;0;1
C;D'andrea;Sassuolo;1;1;0;1;1;0;2
C;Carboni V.;Inter;1;1;0;1;1;0;1
C;Faticanti;Roma;1;1;0;1;1;0;1
C;Gineitis;Torino;1;1;0;1;1;0;1
C;Barrenechea;Juventus;1;1;0;1;1;0;4
A;Osimhen;Napoli;44;35;9;44;35;9;496
A;Martinez L.;Inter;36;34;2;36;34;2;412
A;Dybala;Roma;33;29;4;33;29;4;259
A;Berardi;Sassuolo;33;35;-2;33;35;-2;249
A;Rafael Leao;Milan;32;31;1;32;31;1;268
A;Lookman;Atalanta;31;13;18;31;15;16;117
A;Dia;Salernitana;30;17;13;30;16;14;181
A;Sanabria;Torino;28;21;7;28;21;7;133
A;Immobile;Lazio;28;42;-14;28;42;-14;237
A;Lukaku;Inter;28;39;-11;28;39;-11;252
A;Giroud;Milan;26;28;-2;26;28;-2;176
A;Nzola;Spezia;26;14;12;26;13;13;146
A;Arnautovic;Bologna;25;27;-2;25;26;-1;66
A;Vlahovic;Juventus;23;40;-17;23;40;-17;132
A;Cabral;Fiorentina;23;19;4;22;18;4;90
A;Lauriente';Sassuolo;23;14;9;23;14;9;72
A;Dzeko;Inter;22;16;6;22;15;7;48
A;Hojlund;Atalanta;22;8;14;22;7;15;126
A;Beto;Udinese;21;24;-3;21;24;-3;68
A;Abraham;Roma;20;33;-13;20;33;-13;78
A;Cambiaghi;Empoli;20;6;14;20;6;14;24
A;Ciofani D.;Cremonese;19;1;18;19;1;18;18
A;Milik;Juventus;19;21;-2;19;20;-1;51
A;Di Maria;Juventus;19;26;-7;19;26;-7;46
A;Boga;Atalanta;18;13;5;17;15;2;13
A;Gonzalez N.;Fiorentina;18;20;-2;18;20;-2;36
A;Simeone;Napoli;17;25;-8;17;25;-8;27
A;Pedro;Lazio;17;19;-2;17;19;-2;40
A;Zapata D.;Atalanta;16;32;-16;16;32;-16;62
A;Ceesay;Lecce;16;10;6;16;10;6;15
A;Mota;Monza;16;10;6;16;10;6;21
A;Petagna;Monza;15;15;0;15;14;1;22
A;Caprari;Monza;15;26;-11;15;26;-11;34
A;Karamoh;Torino;15;4;11;15;4;11;17
A;Kouame';Fiorentina;15;9;6;15;9;6;7
A;Gabbiadini;Sampdoria;14;15;-1;14;15;-1;20
A;Sansone;Bologna;14;6;8;14;6;8;9
A;Deulofeu;Udinese;14;24;-10;14;24;-10;8
A;Barrow;Bologna;14;17;-3;14;17;-3;23
A;Lozano;Napoli;14;18;-4;14;18;-4;22
A;Okereke;Cremonese;14;13;1;14;13;1;16
A;Dessers;Cremonese;14;17;-3;13;16;-3;20
A;Muriel;Atalanta;13;26;-13;13;26;-13;22
A;Thauvin;Udinese;13;18;-5;13;18;-5;10
A;Piatek;Salernitana;13;15;-2;13;14;-1;32
A;Caputo;Empoli;13;21;-8;13;21;-8;41
A;Jovic;Fiorentina;12;24;-12;12;24;-12;40
A;Zirkzee;Bologna;12;7;5;12;7;5;10
A;Tsadjout;Cremonese;12;8;4;12;7;5;13
A;Correa;Inter;11;16;-5;11;16;-5;10
A;Kean;Juventus;11;15;-4;11;14;-3;21
A;Brekalo;Fiorentina;11;16;-5;11;16;-5;8
A;Colombo;Lecce;11;7;4;11;6;5;18
A;Banda;Lecce;11;5;6;11;5;6;8
A;Rebic;Milan;10;14;-4;10;14;-4;12
A;Verde;Spezia;10;18;-8;10;18;-8;16
A;Di Francesco F.;Lecce;10;12;-2;10;12;-2;12
A;Nestorovski;Udinese;10;11;-1;10;10;0;4
A;Raspadori;Napoli;10;20;-10;10;20;-10;26
A;Bonazzoli;Salernitana;9;14;-5;9;14;-5;8
A;Pinamonti;Sassuolo;9;23;-14;9;23;-14;25
A;Success;Udinese;9;13;-4;9;13;-4;21
A;Solbakken;Roma;9;10;-1;9;10;-1;8
A;Piccoli;Empoli;8;13;-5;8;12;-4;7
A;Lammers;Sampdoria;8;15;-7;8;14;-6;8
A;Satriano;Empoli;8;14;-6;8;13;-5;13
A;Djuric;Verona;8;11;-3;8;10;-2;10
A;Botheim;Salernitana;8;13;-5;7;12;-5;4
A;Defrel;Sassuolo;7;8;-1;7;8;-1;14
A;Origi;Milan;7;17;-10;7;17;-10;12
A;Jese';Sampdoria;7;8;-1;7;8;-1;7
A;Gaich;Verona;7;4;3;6;3;3;21
A;Soule';Juventus;7;1;6;7;1;6;7
A;Buonaiuto;Cremonese;7;7;0;7;7;0;4
A;Ngonge;Verona;7;3;4;7;3;4;18
A;Belotti;Roma;6;16;-10;6;15;-9;14
A;Quagliarella;Sampdoria;6;10;-4;6;10;-4;10
A;Pellegri;Torino;6;12;-6;6;11;-5;12
A;Shomurodov;Spezia;6;12;-6;6;11;-5;11
A;Kallon;Verona;6;2;4;6;2;4;3
A;Alvarez A.;Sassuolo;6;14;-8;6;13;-7;7
A;Lasagna;Verona;5;11;-6;5;10;-5;10
A;Henry;Verona;5;18;-13;5;16;-11;1
A;Seck;Torino;4;3;1;4;3;1;6
A;Ibrahimovic;Milan;3;13;-10;3;13;-10;9
A;Afena-Gyan;Cremonese;3;8;-5;3;8;-5;6
A;Gytkjaer;Monza;3;4;-1;3;4;-1;6
A;Destro;Empoli;2;18;-16;2;16;-14;8
A;Pjaca;Empoli;2;9;-7;2;9;-7;4
A;Valencia D.;Salernitana;2;2;0;2;2;0;1
A;Pussetto;Sampdoria;1;5;-4;2;6;-4;1
A;Braaf;Verona;1;1;0;1;2;-1;6
A;Raimondo;Bologna;1;1;0;1;1;0;1
A;Cancellieri;Lazio;1;7;-6;1;7;-6;4
A;Kaio Jorge;Juventus;1;1;0;1;1;0;1
A;De Luca;Sampdoria;1;4;-3;1;4;-3;1
A;Voelkerling Persson;Lecce;1;1;0;1;1;0;1
A;Montevago;Sampdoria;1;1;0;1;1;0;2
A;Krollis;Spezia;1;1;0;1;1;0;2
A;Vivaldo;Udinese;1;1;0;1;1;0;1
A;Vorlicky;Atalanta;1;1;0;1;1;0;1
